entity_id,narrative_id,entity_text,normalised_value,entity_type,entity_role,start_char,end_char,sentence_id,certainty,source_status,coreference_group_id,linked_event_id,sensitive_information,masked_value,annotator_id,reviewer_id
NAR000001_EN_E001,NAR000001_EN,I,self-reported complainant,COMPLAINANT,complainant,-1,-1,S001,certain,user_stated,NAR000001_EN_CG001,EVT000001_001,False,NOT_MASKED,ENT_ANN_001,REV849
NAR000002_EN_E001,NAR000002_EN,I,self-reported complainant,COMPLAINANT,complainant,-1,-1,S001,certain,user_stated,NAR000002_EN_CG001,EVT000002_001,False,NOT_MASKED,ENT_ANN_001,REV549
NAR000003_EN_E001,NAR000003_EN,I,self-reported complainant,COMPLAINANT,complainant,-1,-1,S001,certain,user_stated,NAR000003_EN_CG001,EVT000003_001,False,NOT_MASKED,ENT_ANN_001,REV328
NAR000004_EN_E001,NAR000004_EN,today,2023-01-11,DATE,incident_date,135,140,S002,certain,user_stated,NAR000004_EN_CG001,EVT000004_001,False,NOT_MASKED,ENT_ANN_001,REV705
NAR000005_EN_E001,NAR000005_EN,I,self-reported complainant,COMPLAINANT,complainant,-1,-1,S001,certain,user_stated,NAR000005_EN_CG001,EVT000005_001,False,NOT_MASKED,ENT_ANN_001,REV537
NAR000006_EN_E001,NAR000006_EN,I,self-reported complainant,COMPLAINANT,complainant,-1,-1,S001,certain,user_stated,NAR000006_EN_CG001,EVT000006_001,False,NOT_MASKED,ENT_ANN_001,REV242
NAR000007_EN_E001,NAR000007_EN,I,self-reported complainant,COMPLAINANT,complainant,-1,-1,S001,certain,user_stated,NAR000007_EN_CG001,EVT000007_001,False,NOT_MASKED,ENT_ANN_001,REV842
NAR000008_EN_E001,NAR000008_EN,I,self-reported complainant,COMPLAINANT,complainant,-1,-1,S001,certain,user_stated,NAR000008_EN_CG001,EVT000008_001,False,NOT_MASKED,ENT_ANN_001,REV220
NAR000009_EN_E001,NAR000009_EN,I,self-reported complainant,COMPLAINANT,complainant,-1,-1,S001,certain,user_stated,NAR000009_EN_CG001,EVT000009_001,False,NOT_MASKED,ENT_ANN_001,REV887
NAR000010_EN_E001,NAR000010_EN,car,car,VEHICLE,vehicle_involved,168,171,S002,certain,user_stated,NAR000010_EN_CG001,EVT000010_001,False,NOT_MASKED,ENT_ANN_001,REV622
NAR000011_EN_E001,NAR000011_EN,I,self-reported complainant,COMPLAINANT,complainant,-1,-1,S001,certain,user_stated,NAR000011_EN_CG001,EVT000011_001,False,NOT_MASKED,ENT_ANN_001,REV751
NAR000012_EN_E001,NAR000012_EN,I,self-reported complainant,COMPLAINANT,complainant,-1,-1,S001,certain,user_stated,NAR000012_EN_CG001,EVT000012_001,False,NOT_MASKED,ENT_ANN_001,REV805
NAR000013_EN_E001,NAR000013_EN,I,self-reported complainant,COMPLAINANT,complainant,-1,-1,S001,certain,user_stated,NAR000013_EN_CG001,EVT000013_001,False,NOT_MASKED,ENT_ANN_001,REV882
NAR000014_EN_E001,NAR000014_EN,road,road,LOCATION,incident_location,137,141,S001,certain,user_stated,NAR000014_EN_CG001,EVT000014_001,False,NOT_MASKED,ENT_ANN_001,REV352
NAR000015_EN_E001,NAR000015_EN,I,self-reported complainant,COMPLAINANT,complainant,-1,-1,S001,certain,user_stated,NAR000015_EN_CG001,EVT000015_001,False,NOT_MASKED,ENT_ANN_001,REV881
NAR000016_EN_E001,NAR000016_EN,I,self-reported complainant,COMPLAINANT,complainant,-1,-1,S001,certain,user_stated,NAR000016_EN_CG001,EVT000016_001,False,NOT_MASKED,ENT_ANN_001,REV504
NAR000017_EN_E001,NAR000017_EN,I,self-reported complainant,COMPLAINANT,complainant,-1,-1,S001,certain,user_stated,NAR000017_EN_CG001,EVT000017_001,False,NOT_MASKED,ENT_ANN_001,REV126
NAR000018_EN_E001,NAR000018_EN,yesterday,2023-02-03,DATE,incident_date,77,86,S001,certain,user_stated,NAR000018_EN_CG001,EVT000018_001,False,NOT_MASKED,ENT_ANN_001,REV685
NAR000019_EN_E001,NAR000019_EN,I,self-reported complainant,COMPLAINANT,complainant,-1,-1,S001,certain,user_stated,NAR000019_EN_CG001,EVT000019_001,False,NOT_MASKED,ENT_ANN_001,REV672
NAR000020_EN_E001,NAR000020_EN,I,self-reported complainant,COMPLAINANT,complainant,-1,-1,S001,certain,user_stated,NAR000020_EN_CG001,EVT000020_001,False,NOT_MASKED,ENT_ANN_001,REV766
NAR000021_EN_E001,NAR000021_EN,I,self-reported complainant,COMPLAINANT,complainant,-1,-1,S001,certain,user_stated,NAR000021_EN_CG001,EVT000021_001,False,NOT_MASKED,ENT_ANN_001,REV641
NAR000022_EN_E001,NAR000022_EN,road,road,LOCATION,incident_location,47,51,S001,certain,user_stated,NAR000022_EN_CG001,EVT000022_001,False,NOT_MASKED,ENT_ANN_001,REV518
NAR000023_EN_E001,NAR000023_EN,road,road,LOCATION,incident_location,93,97,S001,certain,user_stated,NAR000023_EN_CG001,EVT000023_001,False,NOT_MASKED,ENT_ANN_001,REV957
NAR000024_EN_E001,NAR000024_EN,today,2023-02-19,DATE,incident_date,45,50,S001,certain,user_stated,NAR000024_EN_CG001,EVT000024_001,False,NOT_MASKED,ENT_ANN_001,REV139
NAR000024_EN_E002,NAR000024_EN,road,road,LOCATION,incident_location,27,31,S001,certain,user_stated,NAR000024_EN_CG002,EVT000024_001,False,NOT_MASKED,ENT_ANN_001,REV139
NAR000024_EN_E003,NAR000024_EN,car,car,VEHICLE,vehicle_involved,62,65,S001,certain,user_stated,NAR000024_EN_CG003,EVT000024_001,False,NOT_MASKED,ENT_ANN_001,REV139
NAR000025_EN_E001,NAR000025_EN,I,self-reported complainant,COMPLAINANT,complainant,-1,-1,S001,certain,user_stated,NAR000025_EN_CG001,EVT000025_001,False,NOT_MASKED,ENT_ANN_001,REV988
NAR000026_EN_E001,NAR000026_EN,Mobile,mobile,STOLEN_PROPERTY,stolen_or_target_property,39,45,S001,certain,user_stated,NAR000026_EN_CG001,EVT000026_001,False,NOT_MASKED,ENT_ANN_001,REV371
NAR000027_EN_E001,NAR000027_EN,I,self-reported complainant,COMPLAINANT,complainant,-1,-1,S001,certain,user_stated,NAR000027_EN_CG001,EVT000027_001,False,NOT_MASKED,ENT_ANN_001,REV246
NAR000028_EN_E001,NAR000028_EN,yesterday,2023-02-25,DATE,incident_date,77,86,S001,certain,user_stated,NAR000028_EN_CG001,EVT000028_001,False,NOT_MASKED,ENT_ANN_001,REV323
NAR000029_EN_E001,NAR000029_EN,road,road,LOCATION,incident_location,95,99,S001,certain,user_stated,NAR000029_EN_CG001,EVT000029_001,False,NOT_MASKED,ENT_ANN_001,REV390
NAR000030_EN_E001,NAR000030_EN,House,house,LOCATION,incident_location,50,55,S001,certain,user_stated,NAR000030_EN_CG001,EVT000030_001,False,NOT_MASKED,ENT_ANN_001,REV645
NAR000031_EN_E001,NAR000031_EN,road,road,LOCATION,incident_location,139,143,S001,certain,user_stated,NAR000031_EN_CG001,EVT000031_001,False,NOT_MASKED,ENT_ANN_001,REV650
NAR000032_EN_E001,NAR000032_EN,yesterday,2023-03-04,DATE,incident_date,77,86,S001,certain,user_stated,NAR000032_EN_CG001,EVT000032_001,False,NOT_MASKED,ENT_ANN_001,REV663
NAR000033_EN_E001,NAR000033_EN,I,self-reported complainant,COMPLAINANT,complainant,-1,-1,S001,certain,user_stated,NAR000033_EN_CG001,EVT000033_001,False,NOT_MASKED,ENT_ANN_001,REV103
NAR000034_EN_E001,NAR000034_EN,today,2023-03-13,DATE,incident_date,109,114,S002,certain,user_stated,NAR000034_EN_CG001,EVT000034_001,False,NOT_MASKED,ENT_ANN_001,REV326
NAR000035_EN_E001,NAR000035_EN,Mobile,mobile,STOLEN_PROPERTY,stolen_or_target_property,226,232,S002,certain,user_stated,NAR000035_EN_CG001,EVT000035_001,False,NOT_MASKED,ENT_ANN_001,REV688
NAR000036_EN_E001,NAR000036_EN,I,self-reported complainant,COMPLAINANT,complainant,-1,-1,S001,certain,user_stated,NAR000036_EN_CG001,EVT000036_001,False,NOT_MASKED,ENT_ANN_001,REV800
NAR000037_EN_E001,NAR000037_EN,House,house,LOCATION,incident_location,79,84,S001,certain,user_stated,NAR000037_EN_CG001,EVT000037_001,False,NOT_MASKED,ENT_ANN_001,REV560
NAR000038_EN_E001,NAR000038_EN,Market,market,LOCATION,incident_location,109,115,S001,certain,user_stated,NAR000038_EN_CG001,EVT000038_001,False,NOT_MASKED,ENT_ANN_001,REV888
NAR000039_EN_E001,NAR000039_EN,I,self-reported complainant,COMPLAINANT,complainant,-1,-1,S001,certain,user_stated,NAR000039_EN_CG001,EVT000039_001,False,NOT_MASKED,ENT_ANN_001,REV368
NAR000040_EN_E001,NAR000040_EN,I,self-reported complainant,COMPLAINANT,complainant,-1,-1,S001,certain,user_stated,NAR000040_EN_CG001,EVT000040_001,False,NOT_MASKED,ENT_ANN_001,REV613
NAR000041_EN_E001,NAR000041_EN,today,2023-03-30,DATE,incident_date,146,151,S002,certain,user_stated,NAR000041_EN_CG001,EVT000041_001,False,NOT_MASKED,ENT_ANN_001,REV709
NAR000042_EN_E001,NAR000042_EN,I,self-reported complainant,COMPLAINANT,complainant,-1,-1,S001,certain,user_stated,NAR000042_EN_CG001,EVT000042_001,False,NOT_MASKED,ENT_ANN_001,REV745
NAR000043_EN_E001,NAR000043_EN,house,house,LOCATION,incident_location,20,25,S001,certain,user_stated,NAR000043_EN_CG001,EVT000043_001,False,NOT_MASKED,ENT_ANN_001,REV781
NAR000044_EN_E001,NAR000044_EN,car,car,VEHICLE,vehicle_involved,119,122,S003,certain,user_stated,NAR000044_EN_CG001,EVT000044_001,False,NOT_MASKED,ENT_ANN_001,REV971
NAR000045_EN_E001,NAR000045_EN,House,house,LOCATION,incident_location,72,77,S001,certain,user_stated,NAR000045_EN_CG001,EVT000045_001,False,NOT_MASKED,ENT_ANN_001,REV126
NAR000046_EN_E001,NAR000046_EN,I,self-reported complainant,COMPLAINANT,complainant,-1,-1,S001,certain,user_stated,NAR000046_EN_CG001,EVT000046_001,False,NOT_MASKED,ENT_ANN_001,REV665
NAR000047_EN_E001,NAR000047_EN,House,house,LOCATION,incident_location,157,162,S001,certain,user_stated,NAR000047_EN_CG001,EVT000047_001,False,NOT_MASKED,ENT_ANN_001,REV961
NAR000048_EN_E001,NAR000048_EN,house,house,LOCATION,incident_location,72,77,S001,certain,user_stated,NAR000048_EN_CG001,EVT000048_001,False,NOT_MASKED,ENT_ANN_001,REV259
NAR000049_EN_E001,NAR000049_EN,today,2023-04-14,DATE,incident_date,128,133,S002,certain,user_stated,NAR000049_EN_CG001,EVT000049_001,False,NOT_MASKED,ENT_ANN_001,REV123
NAR000050_EN_E001,NAR000050_EN,I,self-reported complainant,COMPLAINANT,complainant,-1,-1,S001,certain,user_stated,NAR000050_EN_CG001,EVT000050_001,False,NOT_MASKED,ENT_ANN_001,REV111
NAR000051_EN_E001,NAR000051_EN,I,self-reported complainant,COMPLAINANT,complainant,-1,-1,S001,certain,user_stated,NAR000051_EN_CG001,EVT000051_001,False,NOT_MASKED,ENT_ANN_001,REV364
NAR000052_EN_E001,NAR000052_EN,yesterday,2023-04-19,DATE,incident_date,63,72,S001,certain,user_stated,NAR000052_EN_CG001,EVT000052_001,False,NOT_MASKED,ENT_ANN_001,REV930
NAR000053_EN_E001,NAR000053_EN,house,house,LOCATION,incident_location,156,161,S001,certain,user_stated,NAR000053_EN_CG001,EVT000053_001,False,NOT_MASKED,ENT_ANN_001,REV931
NAR000054_EN_E001,NAR000054_EN,I,self-reported complainant,COMPLAINANT,complainant,-1,-1,S001,certain,user_stated,NAR000054_EN_CG001,EVT000054_001,False,NOT_MASKED,ENT_ANN_001,REV193
NAR000055_EN_E001,NAR000055_EN,car,car,VEHICLE,vehicle_involved,121,124,S003,certain,user_stated,NAR000055_EN_CG001,EVT000055_001,False,NOT_MASKED,ENT_ANN_001,REV901
NAR000056_EN_E001,NAR000056_EN,I,self-reported complainant,COMPLAINANT,complainant,-1,-1,S001,certain,user_stated,NAR000056_EN_CG001,EVT000056_001,False,NOT_MASKED,ENT_ANN_001,REV227
NAR000057_EN_E001,NAR000057_EN,house,house,LOCATION,incident_location,211,216,S002,certain,user_stated,NAR000057_EN_CG001,EVT000057_001,False,NOT_MASKED,ENT_ANN_001,REV715
NAR000058_EN_E001,NAR000058_EN,I,self-reported complainant,COMPLAINANT,complainant,-1,-1,S001,certain,user_stated,NAR000058_EN_CG001,EVT000058_001,False,NOT_MASKED,ENT_ANN_001,REV583
NAR000059_EN_E001,NAR000059_EN,I,self-reported complainant,COMPLAINANT,complainant,-1,-1,S001,certain,user_stated,NAR000059_EN_CG001,EVT000059_001,False,NOT_MASKED,ENT_ANN_001,REV725
NAR000060_EN_E001,NAR000060_EN,Mobile,mobile,STOLEN_PROPERTY,stolen_or_target_property,86,92,S001,certain,user_stated,NAR000060_EN_CG001,EVT000060_001,False,NOT_MASKED,ENT_ANN_001,REV648
NAR000061_EN_E001,NAR000061_EN,I,self-reported complainant,COMPLAINANT,complainant,-1,-1,S001,certain,user_stated,NAR000061_EN_CG001,EVT000061_001,False,NOT_MASKED,ENT_ANN_001,REV830
NAR000062_EN_E001,NAR000062_EN,I,self-reported complainant,COMPLAINANT,complainant,-1,-1,S001,certain,user_stated,NAR000062_EN_CG001,EVT000062_001,False,NOT_MASKED,ENT_ANN_001,REV305
NAR000063_EN_E001,NAR000063_EN,I,self-reported complainant,COMPLAINANT,complainant,-1,-1,S001,certain,user_stated,NAR000063_EN_CG001,EVT000063_001,False,NOT_MASKED,ENT_ANN_001,REV460
NAR000064_EN_E001,NAR000064_EN,Mobile,mobile,STOLEN_PROPERTY,stolen_or_target_property,117,123,S001,certain,user_stated,NAR000064_EN_CG001,EVT000064_001,False,NOT_MASKED,ENT_ANN_001,REV922
NAR000065_EN_E001,NAR000065_EN,today,2023-05-19,DATE,incident_date,121,126,S002,certain,user_stated,NAR000065_EN_CG001,EVT000065_001,False,NOT_MASKED,ENT_ANN_001,REV802
NAR000066_EN_E001,NAR000066_EN,mobile,mobile,STOLEN_PROPERTY,stolen_or_target_property,66,72,S001,certain,user_stated,NAR000066_EN_CG001,EVT000066_001,False,NOT_MASKED,ENT_ANN_001,REV714
NAR000067_EN_E001,NAR000067_EN,today,2023-05-22,DATE,incident_date,48,53,S001,certain,user_stated,NAR000067_EN_CG001,EVT000067_001,False,NOT_MASKED,ENT_ANN_001,REV127
NAR000067_EN_E002,NAR000067_EN,car,car,VEHICLE,vehicle_involved,65,68,S001,certain,user_stated,NAR000067_EN_CG002,EVT000067_001,False,NOT_MASKED,ENT_ANN_001,REV127
NAR000068_EN_E001,NAR000068_EN,today,2023-05-25,DATE,incident_date,49,54,S001,certain,user_stated,NAR000068_EN_CG001,EVT000068_001,False,NOT_MASKED,ENT_ANN_001,REV985
NAR000068_EN_E002,NAR000068_EN,car,car,VEHICLE,vehicle_involved,66,69,S001,certain,user_stated,NAR000068_EN_CG002,EVT000068_001,False,NOT_MASKED,ENT_ANN_001,REV985
NAR000069_EN_E001,NAR000069_EN,I,self-reported complainant,COMPLAINANT,complainant,-1,-1,S001,certain,user_stated,NAR000069_EN_CG001,EVT000069_001,False,NOT_MASKED,ENT_ANN_001,REV401
NAR000070_EN_E001,NAR000070_EN,I,self-reported complainant,COMPLAINANT,complainant,-1,-1,S001,certain,user_stated,NAR000070_EN_CG001,EVT000070_001,False,NOT_MASKED,ENT_ANN_001,REV744
NAR000071_EN_E001,NAR000071_EN,I,self-reported complainant,COMPLAINANT,complainant,-1,-1,S001,certain,user_stated,NAR000071_EN_CG001,EVT000071_001,False,NOT_MASKED,ENT_ANN_001,REV233
NAR000072_EN_E001,NAR000072_EN,I,self-reported complainant,COMPLAINANT,complainant,-1,-1,S001,certain,user_stated,NAR000072_EN_CG001,EVT000072_001,False,NOT_MASKED,ENT_ANN_001,REV249
NAR000073_EN_E001,NAR000073_EN,I,self-reported complainant,COMPLAINANT,complainant,-1,-1,S001,certain,user_stated,NAR000073_EN_CG001,EVT000073_001,False,NOT_MASKED,ENT_ANN_001,REV195
NAR000074_EN_E001,NAR000074_EN,I,self-reported complainant,COMPLAINANT,complainant,-1,-1,S001,certain,user_stated,NAR000074_EN_CG001,EVT000074_001,False,NOT_MASKED,ENT_ANN_001,REV876
NAR000075_EN_E001,NAR000075_EN,house,house,LOCATION,incident_location,72,77,S001,certain,user_stated,NAR000075_EN_CG001,EVT000075_001,False,NOT_MASKED,ENT_ANN_001,REV851
NAR000076_EN_E001,NAR000076_EN,yesterday,2023-06-09,DATE,incident_date,55,64,S001,certain,user_stated,NAR000076_EN_CG001,EVT000076_001,False,NOT_MASKED,ENT_ANN_001,REV233
NAR000076_EN_E002,NAR000076_EN,market,market,LOCATION,incident_location,30,36,S001,certain,user_stated,NAR000076_EN_CG002,EVT000076_001,False,NOT_MASKED,ENT_ANN_001,REV233
NAR000076_EN_E003,NAR000076_EN,phone,phone,STOLEN_PROPERTY,stolen_or_target_property,78,83,S001,certain,user_stated,NAR000076_EN_CG003,EVT000076_001,False,NOT_MASKED,ENT_ANN_001,REV233
NAR000077_EN_E001,NAR000077_EN,today,2023-06-12,DATE,incident_date,47,52,S001,certain,user_stated,NAR000077_EN_CG001,EVT000077_001,False,NOT_MASKED,ENT_ANN_001,REV536
NAR000078_EN_E001,NAR000078_EN,I,self-reported complainant,COMPLAINANT,complainant,-1,-1,S001,certain,user_stated,NAR000078_EN_CG001,EVT000078_001,False,NOT_MASKED,ENT_ANN_001,REV693
NAR000079_EN_E001,NAR000079_EN,road,road,LOCATION,incident_location,67,71,S001,certain,user_stated,NAR000079_EN_CG001,EVT000079_001,False,NOT_MASKED,ENT_ANN_001,REV368
NAR000080_EN_E001,NAR000080_EN,I,self-reported complainant,COMPLAINANT,complainant,-1,-1,S001,certain,user_stated,NAR000080_EN_CG001,EVT000080_001,False,NOT_MASKED,ENT_ANN_001,REV637
NAR000081_EN_E001,NAR000081_EN,I,self-reported complainant,COMPLAINANT,complainant,-1,-1,S001,certain,user_stated,NAR000081_EN_CG001,EVT000081_001,False,NOT_MASKED,ENT_ANN_001,REV188
NAR000082_EN_E001,NAR000082_EN,house,house,LOCATION,incident_location,139,144,S001,certain,user_stated,NAR000082_EN_CG001,EVT000082_001,False,NOT_MASKED,ENT_ANN_001,REV401
NAR000083_EN_E001,NAR000083_EN,car,car,VEHICLE,vehicle_involved,112,115,S003,certain,user_stated,NAR000083_EN_CG001,EVT000083_001,False,NOT_MASKED,ENT_ANN_001,REV511
NAR000084_EN_E001,NAR000084_EN,I,self-reported complainant,COMPLAINANT,complainant,-1,-1,S001,certain,user_stated,NAR000084_EN_CG001,EVT000084_001,False,NOT_MASKED,ENT_ANN_001,REV991
NAR000085_EN_E001,NAR000085_EN,I,self-reported complainant,COMPLAINANT,complainant,-1,-1,S001,certain,user_stated,NAR000085_EN_CG001,EVT000085_001,False,NOT_MASKED,ENT_ANN_001,REV355
NAR000086_EN_E001,NAR000086_EN,today,2023-06-30,DATE,incident_date,129,134,S001,certain,user_stated,NAR000086_EN_CG001,EVT000086_001,False,NOT_MASKED,ENT_ANN_001,REV538
NAR000086_EN_E002,NAR000086_EN,Road,road,LOCATION,incident_location,169,173,S001,certain,user_stated,NAR000086_EN_CG002,EVT000086_001,False,NOT_MASKED,ENT_ANN_001,REV538
NAR000087_EN_E001,NAR000087_EN,I,self-reported complainant,COMPLAINANT,complainant,-1,-1,S001,certain,user_stated,NAR000087_EN_CG001,EVT000087_001,False,NOT_MASKED,ENT_ANN_001,REV470
NAR000088_EN_E001,NAR000088_EN,I,self-reported complainant,COMPLAINANT,complainant,-1,-1,S001,certain,user_stated,NAR000088_EN_CG001,EVT000088_001,False,NOT_MASKED,ENT_ANN_001,REV703
NAR000089_EN_E001,NAR000089_EN,I,self-reported complainant,COMPLAINANT,complainant,-1,-1,S001,certain,user_stated,NAR000089_EN_CG001,EVT000089_001,False,NOT_MASKED,ENT_ANN_001,REV328
NAR000090_EN_E001,NAR000090_EN,I,self-reported complainant,COMPLAINANT,complainant,-1,-1,S001,certain,user_stated,NAR000090_EN_CG001,EVT000090_001,False,NOT_MASKED,ENT_ANN_001,REV804
NAR000091_EN_E001,NAR000091_EN,I,self-reported complainant,COMPLAINANT,complainant,-1,-1,S001,certain,user_stated,NAR000091_EN_CG001,EVT000091_001,False,NOT_MASKED,ENT_ANN_001,REV820
NAR000092_EN_E001,NAR000092_EN,Market,market,LOCATION,incident_location,39,45,S001,certain,user_stated,NAR000092_EN_CG001,EVT000092_001,False,NOT_MASKED,ENT_ANN_001,REV764
NAR000093_EN_E001,NAR000093_EN,I,self-reported complainant,COMPLAINANT,complainant,-1,-1,S001,certain,user_stated,NAR000093_EN_CG001,EVT000093_001,False,NOT_MASKED,ENT_ANN_001,REV458
NAR000094_EN_E001,NAR000094_EN,today,2023-07-15,DATE,incident_date,128,133,S001,certain,user_stated,NAR000094_EN_CG001,EVT000094_001,False,NOT_MASKED,ENT_ANN_001,REV285
NAR000095_EN_E001,NAR000095_EN,I,self-reported complainant,COMPLAINANT,complainant,-1,-1,S001,certain,user_stated,NAR000095_EN_CG001,EVT000095_001,False,NOT_MASKED,ENT_ANN_001,REV260
NAR000096_EN_E001,NAR000096_EN,I,self-reported complainant,COMPLAINANT,complainant,-1,-1,S001,certain,user_stated,NAR000096_EN_CG001,EVT000096_001,False,NOT_MASKED,ENT_ANN_001,REV537
NAR000097_EN_E001,NAR000097_EN,I,self-reported complainant,COMPLAINANT,complainant,-1,-1,S001,certain,user_stated,NAR000097_EN_CG001,EVT000097_001,False,NOT_MASKED,ENT_ANN_001,REV620
NAR000098_EN_E001,NAR000098_EN,today,2023-07-23,DATE,incident_date,129,134,S001,certain,user_stated,NAR000098_EN_CG001,EVT000098_001,False,NOT_MASKED,ENT_ANN_001,REV574
NAR000099_EN_E001,NAR000099_EN,I,self-reported complainant,COMPLAINANT,complainant,-1,-1,S001,certain,user_stated,NAR000099_EN_CG001,EVT000099_001,False,NOT_MASKED,ENT_ANN_001,REV273
NAR000100_EN_E001,NAR000100_EN,I,self-reported complainant,COMPLAINANT,complainant,-1,-1,S001,certain,user_stated,NAR000100_EN_CG001,EVT000100_001,False,NOT_MASKED,ENT_ANN_001,REV961
NAR000101_EN_E001,NAR000101_EN,I,self-reported complainant,COMPLAINANT,complainant,-1,-1,S001,certain,user_stated,NAR000101_EN_CG001,EVT000101_001,False,NOT_MASKED,ENT_ANN_001,REV198
NAR000102_EN_E001,NAR000102_EN,car,car,VEHICLE,vehicle_involved,285,288,S005,certain,user_stated,NAR000102_EN_CG001,EVT000102_001,False,NOT_MASKED,ENT_ANN_001,REV934
NAR000103_EN_E001,NAR000103_EN,I,self-reported complainant,COMPLAINANT,complainant,-1,-1,S001,certain,user_stated,NAR000103_EN_CG001,EVT000103_001,False,NOT_MASKED,ENT_ANN_001,REV599
NAR000104_EN_E001,NAR000104_EN,today,2023-08-09,DATE,incident_date,146,151,S002,certain,user_stated,NAR000104_EN_CG001,EVT000104_001,False,NOT_MASKED,ENT_ANN_001,REV956
NAR000104_EN_E002,NAR000104_EN,House,house,LOCATION,incident_location,127,132,S002,certain,user_stated,NAR000104_EN_CG002,EVT000104_001,False,NOT_MASKED,ENT_ANN_001,REV956
NAR000105_EN_E001,NAR000105_EN,I,self-reported complainant,COMPLAINANT,complainant,-1,-1,S001,certain,user_stated,NAR000105_EN_CG001,EVT000105_001,False,NOT_MASKED,ENT_ANN_001,REV264
NAR000106_EN_E001,NAR000106_EN,house,house,LOCATION,incident_location,134,139,S002,certain,user_stated,NAR000106_EN_CG001,EVT000106_001,False,NOT_MASKED,ENT_ANN_001,REV536
NAR000107_EN_E001,NAR000107_EN,I,self-reported complainant,COMPLAINANT,complainant,-1,-1,S001,certain,user_stated,NAR000107_EN_CG001,EVT000107_001,False,NOT_MASKED,ENT_ANN_001,REV571
NAR000108_EN_E001,NAR000108_EN,I,self-reported complainant,COMPLAINANT,complainant,-1,-1,S001,certain,user_stated,NAR000108_EN_CG001,EVT000108_001,False,NOT_MASKED,ENT_ANN_001,REV568
NAR000109_EN_E001,NAR000109_EN,I,self-reported complainant,COMPLAINANT,complainant,-1,-1,S001,certain,user_stated,NAR000109_EN_CG001,EVT000109_001,False,NOT_MASKED,ENT_ANN_001,REV645
NAR000110_EN_E001,NAR000110_EN,road,road,LOCATION,incident_location,171,175,S002,certain,user_stated,NAR000110_EN_CG001,EVT000110_001,False,NOT_MASKED,ENT_ANN_001,REV550
NAR000111_EN_E001,NAR000111_EN,Mobile,mobile,STOLEN_PROPERTY,stolen_or_target_property,256,262,S003,certain,user_stated,NAR000111_EN_CG001,EVT000111_001,False,NOT_MASKED,ENT_ANN_001,REV155
NAR000112_EN_E001,NAR000112_EN,I,self-reported complainant,COMPLAINANT,complainant,-1,-1,S001,certain,user_stated,NAR000112_EN_CG001,EVT000112_001,False,NOT_MASKED,ENT_ANN_001,REV999
NAR000113_EN_E001,NAR000113_EN,today,2023-08-26,DATE,incident_date,78,83,S002,certain,user_stated,NAR000113_EN_CG001,EVT000113_001,False,NOT_MASKED,ENT_ANN_001,REV580
NAR000113_EN_E002,NAR000113_EN,car,car,VEHICLE,vehicle_involved,95,98,S002,certain,user_stated,NAR000113_EN_CG002,EVT000113_001,False,NOT_MASKED,ENT_ANN_001,REV580
NAR000114_EN_E001,NAR000114_EN,Road,road,LOCATION,incident_location,54,58,S002,certain,user_stated,NAR000114_EN_CG001,EVT000114_001,False,NOT_MASKED,ENT_ANN_001,REV571
NAR000114_EN_E002,NAR000114_EN,car,car,VEHICLE,vehicle_involved,146,149,S004,certain,user_stated,NAR000114_EN_CG002,EVT000114_001,False,NOT_MASKED,ENT_ANN_001,REV571
NAR000115_EN_E001,NAR000115_EN,today,2023-08-29,DATE,incident_date,160,165,S003,certain,user_stated,NAR000115_EN_CG001,EVT000115_001,False,NOT_MASKED,ENT_ANN_001,REV665
NAR000115_EN_E002,NAR000115_EN,Mobile,mobile,STOLEN_PROPERTY,stolen_or_target_property,73,79,S002,certain,user_stated,NAR000115_EN_CG002,EVT000115_001,False,NOT_MASKED,ENT_ANN_001,REV665
NAR000116_EN_E001,NAR000116_EN,I,self-reported complainant,COMPLAINANT,complainant,-1,-1,S001,certain,user_stated,NAR000116_EN_CG001,EVT000116_001,False,NOT_MASKED,ENT_ANN_001,REV367
NAR000117_EN_E001,NAR000117_EN,I,self-reported complainant,COMPLAINANT,complainant,-1,-1,S001,certain,user_stated,NAR000117_EN_CG001,EVT000117_001,False,NOT_MASKED,ENT_ANN_001,REV903
NAR000118_EN_E001,NAR000118_EN,I,self-reported complainant,COMPLAINANT,complainant,-1,-1,S001,certain,user_stated,NAR000118_EN_CG001,EVT000118_001,False,NOT_MASKED,ENT_ANN_001,REV455
NAR000119_EN_E001,NAR000119_EN,Mobile,mobile,STOLEN_PROPERTY,stolen_or_target_property,147,153,S002,certain,user_stated,NAR000119_EN_CG001,EVT000119_001,False,NOT_MASKED,ENT_ANN_001,REV523
NAR000120_EN_E001,NAR000120_EN,I,self-reported complainant,COMPLAINANT,complainant,-1,-1,S001,certain,user_stated,NAR000120_EN_CG001,EVT000120_001,False,NOT_MASKED,ENT_ANN_001,REV291
NAR000121_EN_E001,NAR000121_EN,I,self-reported complainant,COMPLAINANT,complainant,-1,-1,S001,certain,user_stated,NAR000121_EN_CG001,EVT000121_001,False,NOT_MASKED,ENT_ANN_001,REV158
NAR000122_EN_E001,NAR000122_EN,I,self-reported complainant,COMPLAINANT,complainant,-1,-1,S001,certain,user_stated,NAR000122_EN_CG001,EVT000122_001,False,NOT_MASKED,ENT_ANN_001,REV984
NAR000123_EN_E001,NAR000123_EN,I,self-reported complainant,COMPLAINANT,complainant,-1,-1,S001,certain,user_stated,NAR000123_EN_CG001,EVT000123_001,False,NOT_MASKED,ENT_ANN_001,REV916
NAR000124_EN_E001,NAR000124_EN,yesterday,2023-09-18,DATE,incident_date,78,87,S002,certain,user_stated,NAR000124_EN_CG001,EVT000124_001,False,NOT_MASKED,ENT_ANN_001,REV148
NAR000124_EN_E002,NAR000124_EN,road,road,LOCATION,incident_location,60,64,S002,certain,user_stated,NAR000124_EN_CG002,EVT000124_001,False,NOT_MASKED,ENT_ANN_001,REV148
NAR000124_EN_E003,NAR000124_EN,phone,phone,STOLEN_PROPERTY,stolen_or_target_property,101,106,S002,certain,user_stated,NAR000124_EN_CG003,EVT000124_001,False,NOT_MASKED,ENT_ANN_001,REV148
NAR000125_EN_E001,NAR000125_EN,I,self-reported complainant,COMPLAINANT,complainant,-1,-1,S001,certain,user_stated,NAR000125_EN_CG001,EVT000125_001,False,NOT_MASKED,ENT_ANN_001,REV468
NAR000126_EN_E001,NAR000126_EN,I,self-reported complainant,COMPLAINANT,complainant,-1,-1,S001,certain,user_stated,NAR000126_EN_CG001,EVT000126_001,False,NOT_MASKED,ENT_ANN_001,REV309
NAR000127_EN_E001,NAR000127_EN,I,self-reported complainant,COMPLAINANT,complainant,-1,-1,S001,certain,user_stated,NAR000127_EN_CG001,EVT000127_001,False,NOT_MASKED,ENT_ANN_001,REV413
NAR000128_EN_E001,NAR000128_EN,today,2023-09-28,DATE,incident_date,74,79,S002,certain,user_stated,NAR000128_EN_CG001,EVT000128_001,False,NOT_MASKED,ENT_ANN_001,REV747
NAR000129_EN_E001,NAR000129_EN,road,road,LOCATION,incident_location,116,120,S002,certain,user_stated,NAR000129_EN_CG001,EVT000129_001,False,NOT_MASKED,ENT_ANN_001,REV353
NAR000130_EN_E001,NAR000130_EN,I,self-reported complainant,COMPLAINANT,complainant,-1,-1,S001,certain,user_stated,NAR000130_EN_CG001,EVT000130_001,False,NOT_MASKED,ENT_ANN_001,REV933
NAR000131_EN_E001,NAR000131_EN,today,2023-10-01,DATE,incident_date,164,169,S003,certain,user_stated,NAR000131_EN_CG001,EVT000131_001,False,NOT_MASKED,ENT_ANN_001,REV152
NAR000132_EN_E001,NAR000132_EN,I,self-reported complainant,COMPLAINANT,complainant,-1,-1,S001,certain,user_stated,NAR000132_EN_CG001,EVT000132_001,False,NOT_MASKED,ENT_ANN_001,REV103
NAR000133_EN_E001,NAR000133_EN,yesterday,2023-10-06,DATE,incident_date,107,116,S002,certain,user_stated,NAR000133_EN_CG001,EVT000133_001,False,NOT_MASKED,ENT_ANN_001,REV477
NAR000134_EN_E001,NAR000134_EN,I,self-reported complainant,COMPLAINANT,complainant,-1,-1,S001,certain,user_stated,NAR000134_EN_CG001,EVT000134_001,False,NOT_MASKED,ENT_ANN_001,REV908
NAR000135_EN_E001,NAR000135_EN,House,house,LOCATION,incident_location,183,188,S002,certain,user_stated,NAR000135_EN_CG001,EVT000135_001,False,NOT_MASKED,ENT_ANN_001,REV173
NAR000136_EN_E001,NAR000136_EN,bank,bank,LOCATION,incident_location,128,132,S002,certain,user_stated,NAR000136_EN_CG001,EVT000136_001,False,NOT_MASKED,ENT_ANN_001,REV117
NAR000137_EN_E001,NAR000137_EN,I,self-reported complainant,COMPLAINANT,complainant,-1,-1,S001,certain,user_stated,NAR000137_EN_CG001,EVT000137_001,False,NOT_MASKED,ENT_ANN_001,REV365
NAR000138_EN_E001,NAR000138_EN,I,self-reported complainant,COMPLAINANT,complainant,-1,-1,S001,certain,user_stated,NAR000138_EN_CG001,EVT000138_001,False,NOT_MASKED,ENT_ANN_001,REV832
NAR000139_EN_E001,NAR000139_EN,house,house,LOCATION,incident_location,180,185,S002,certain,user_stated,NAR000139_EN_CG001,EVT000139_001,False,NOT_MASKED,ENT_ANN_001,REV218
NAR000140_EN_E001,NAR000140_EN,I,self-reported complainant,COMPLAINANT,complainant,-1,-1,S001,certain,user_stated,NAR000140_EN_CG001,EVT000140_001,False,NOT_MASKED,ENT_ANN_001,REV569
NAR000141_EN_E001,NAR000141_EN,I,self-reported complainant,COMPLAINANT,complainant,-1,-1,S001,certain,user_stated,NAR000141_EN_CG001,EVT000141_001,False,NOT_MASKED,ENT_ANN_001,REV688
NAR000142_EN_E001,NAR000142_EN,road,road,LOCATION,incident_location,72,76,S002,certain,user_stated,NAR000142_EN_CG001,EVT000142_001,False,NOT_MASKED,ENT_ANN_001,REV616
NAR000143_EN_E001,NAR000143_EN,I,self-reported complainant,COMPLAINANT,complainant,-1,-1,S001,certain,user_stated,NAR000143_EN_CG001,EVT000143_001,False,NOT_MASKED,ENT_ANN_001,REV136
NAR000144_EN_E001,NAR000144_EN,I,self-reported complainant,COMPLAINANT,complainant,-1,-1,S001,certain,user_stated,NAR000144_EN_CG001,EVT000144_001,False,NOT_MASKED,ENT_ANN_001,REV888
NAR000145_EN_E001,NAR000145_EN,bag,bag,STOLEN_PROPERTY,stolen_or_target_property,226,229,S005,certain,user_stated,NAR000145_EN_CG001,EVT000145_001,False,NOT_MASKED,ENT_ANN_001,REV793
NAR000146_EN_E001,NAR000146_EN,I,self-reported complainant,COMPLAINANT,complainant,-1,-1,S001,certain,user_stated,NAR000146_EN_CG001,EVT000146_001,False,NOT_MASKED,ENT_ANN_001,REV161
NAR000147_EN_E001,NAR000147_EN,I,self-reported complainant,COMPLAINANT,complainant,-1,-1,S001,certain,user_stated,NAR000147_EN_CG001,EVT000147_001,False,NOT_MASKED,ENT_ANN_001,REV438
NAR000148_EN_E001,NAR000148_EN,I,self-reported complainant,COMPLAINANT,complainant,-1,-1,S001,certain,user_stated,NAR000148_EN_CG001,EVT000148_001,False,NOT_MASKED,ENT_ANN_001,REV978
NAR000149_EN_E001,NAR000149_EN,I,self-reported complainant,COMPLAINANT,complainant,-1,-1,S001,certain,user_stated,NAR000149_EN_CG001,EVT000149_001,False,NOT_MASKED,ENT_ANN_001,REV916
NAR000150_EN_E001,NAR000150_EN,road,road,LOCATION,incident_location,106,110,S002,certain,user_stated,NAR000150_EN_CG001,EVT000150_001,False,NOT_MASKED,ENT_ANN_001,REV903
NAR000151_EN_E001,NAR000151_EN,Road,road,LOCATION,incident_location,150,154,S002,certain,user_stated,NAR000151_EN_CG001,EVT000151_001,False,NOT_MASKED,ENT_ANN_001,REV555
NAR000152_EN_E001,NAR000152_EN,I,self-reported complainant,COMPLAINANT,complainant,-1,-1,S001,certain,user_stated,NAR000152_EN_CG001,EVT000152_001,False,NOT_MASKED,ENT_ANN_001,REV232
NAR000153_EN_E001,NAR000153_EN,I,self-reported complainant,COMPLAINANT,complainant,-1,-1,S001,certain,user_stated,NAR000153_EN_CG001,EVT000153_001,False,NOT_MASKED,ENT_ANN_001,REV533
NAR000154_EN_E001,NAR000154_EN,I,self-reported complainant,COMPLAINANT,complainant,-1,-1,S001,certain,user_stated,NAR000154_EN_CG001,EVT000154_001,False,NOT_MASKED,ENT_ANN_001,REV676
NAR000155_EN_E001,NAR000155_EN,I,self-reported complainant,COMPLAINANT,complainant,-1,-1,S001,certain,user_stated,NAR000155_EN_CG001,EVT000155_001,False,NOT_MASKED,ENT_ANN_001,REV950
NAR000156_EN_E001,NAR000156_EN,I,self-reported complainant,COMPLAINANT,complainant,-1,-1,S001,certain,user_stated,NAR000156_EN_CG001,EVT000156_001,False,NOT_MASKED,ENT_ANN_001,REV494
NAR000157_EN_E001,NAR000157_EN,I,self-reported complainant,COMPLAINANT,complainant,-1,-1,S001,certain,user_stated,NAR000157_EN_CG001,EVT000157_001,False,NOT_MASKED,ENT_ANN_001,REV911
NAR000158_EN_E001,NAR000158_EN,house,house,LOCATION,incident_location,172,177,S002,certain,user_stated,NAR000158_EN_CG001,EVT000158_001,False,NOT_MASKED,ENT_ANN_001,REV868
NAR000159_EN_E001,NAR000159_EN,I,self-reported complainant,COMPLAINANT,complainant,-1,-1,S001,certain,user_stated,NAR000159_EN_CG001,EVT000159_001,False,NOT_MASKED,ENT_ANN_001,REV565
NAR000160_EN_E001,NAR000160_EN,I,self-reported complainant,COMPLAINANT,complainant,-1,-1,S001,certain,user_stated,NAR000160_EN_CG001,EVT000160_001,False,NOT_MASKED,ENT_ANN_001,REV406
NAR000161_EN_E001,NAR000161_EN,Bank,bank,LOCATION,incident_location,51,55,S002,certain,user_stated,NAR000161_EN_CG001,EVT000161_001,False,NOT_MASKED,ENT_ANN_001,REV935
NAR000162_EN_E001,NAR000162_EN,I,self-reported complainant,COMPLAINANT,complainant,-1,-1,S001,certain,user_stated,NAR000162_EN_CG001,EVT000162_001,False,NOT_MASKED,ENT_ANN_001,REV874
NAR000163_EN_E001,NAR000163_EN,today,2023-12-11,DATE,incident_date,159,164,S002,certain,user_stated,NAR000163_EN_CG001,EVT000163_001,False,NOT_MASKED,ENT_ANN_001,REV362
NAR000163_EN_E002,NAR000163_EN,Road,road,LOCATION,incident_location,199,203,S002,certain,user_stated,NAR000163_EN_CG002,EVT000163_001,False,NOT_MASKED,ENT_ANN_001,REV362
NAR000164_EN_E001,NAR000164_EN,I,self-reported complainant,COMPLAINANT,complainant,-1,-1,S001,certain,user_stated,NAR000164_EN_CG001,EVT000164_001,False,NOT_MASKED,ENT_ANN_001,REV214
NAR000165_EN_E001,NAR000165_EN,house,house,LOCATION,incident_location,131,136,S002,certain,user_stated,NAR000165_EN_CG001,EVT000165_001,False,NOT_MASKED,ENT_ANN_001,REV547
NAR000166_EN_E001,NAR000166_EN,I,self-reported complainant,COMPLAINANT,complainant,-1,-1,S001,certain,user_stated,NAR000166_EN_CG001,EVT000166_001,False,NOT_MASKED,ENT_ANN_001,REV678
NAR000167_EN_E001,NAR000167_EN,I,self-reported complainant,COMPLAINANT,complainant,-1,-1,S001,certain,user_stated,NAR000167_EN_CG001,EVT000167_001,False,NOT_MASKED,ENT_ANN_001,REV408
NAR000168_EN_E001,NAR000168_EN,I,self-reported complainant,COMPLAINANT,complainant,-1,-1,S001,certain,user_stated,NAR000168_EN_CG001,EVT000168_001,False,NOT_MASKED,ENT_ANN_001,REV738
NAR000169_EN_E001,NAR000169_EN,I,self-reported complainant,COMPLAINANT,complainant,-1,-1,S001,certain,user_stated,NAR000169_EN_CG001,EVT000169_001,False,NOT_MASKED,ENT_ANN_001,REV523
NAR000170_EN_E001,NAR000170_EN,house,house,LOCATION,incident_location,198,203,S002,certain,user_stated,NAR000170_EN_CG001,EVT000170_001,False,NOT_MASKED,ENT_ANN_001,REV654
NAR000171_EN_E001,NAR000171_EN,today,2023-12-26,DATE,incident_date,155,160,S003,certain,user_stated,NAR000171_EN_CG001,EVT000171_001,False,NOT_MASKED,ENT_ANN_001,REV485
NAR000172_EN_E001,NAR000172_EN,I,self-reported complainant,COMPLAINANT,complainant,-1,-1,S001,certain,user_stated,NAR000172_EN_CG001,EVT000172_001,False,NOT_MASKED,ENT_ANN_001,REV454
NAR000173_EN_E001,NAR000173_EN,I,self-reported complainant,COMPLAINANT,complainant,-1,-1,S001,certain,user_stated,NAR000173_EN_CG001,EVT000173_001,False,NOT_MASKED,ENT_ANN_001,REV499
NAR000174_EN_E001,NAR000174_EN,I,self-reported complainant,COMPLAINANT,complainant,-1,-1,S001,certain,user_stated,NAR000174_EN_CG001,EVT000174_001,False,NOT_MASKED,ENT_ANN_001,REV187
NAR000175_EN_E001,NAR000175_EN,bank,bank,LOCATION,incident_location,52,56,S002,certain,user_stated,NAR000175_EN_CG001,EVT000175_001,False,NOT_MASKED,ENT_ANN_001,REV205
NAR000175_EN_E002,NAR000175_EN,Mobile,mobile,STOLEN_PROPERTY,stolen_or_target_property,116,122,S002,certain,user_stated,NAR000175_EN_CG002,EVT000175_001,False,NOT_MASKED,ENT_ANN_001,REV205
NAR000176_EN_E001,NAR000176_EN,road,road,LOCATION,incident_location,59,63,S002,certain,user_stated,NAR000176_EN_CG001,EVT000176_001,False,NOT_MASKED,ENT_ANN_001,REV330
NAR000177_EN_E001,NAR000177_EN,I,self-reported complainant,COMPLAINANT,complainant,-1,-1,S001,certain,user_stated,NAR000177_EN_CG001,EVT000177_001,False,NOT_MASKED,ENT_ANN_001,REV237
NAR000178_EN_E001,NAR000178_EN,today,2024-01-13,DATE,incident_date,156,161,S002,certain,user_stated,NAR000178_EN_CG001,EVT000178_001,False,NOT_MASKED,ENT_ANN_001,REV954
NAR000178_EN_E002,NAR000178_EN,road,road,LOCATION,incident_location,124,128,S002,certain,user_stated,NAR000178_EN_CG002,EVT000178_001,False,NOT_MASKED,ENT_ANN_001,REV954
NAR000179_EN_E001,NAR000179_EN,I,self-reported complainant,COMPLAINANT,complainant,-1,-1,S001,certain,user_stated,NAR000179_EN_CG001,EVT000179_001,False,NOT_MASKED,ENT_ANN_001,REV750
NAR000180_EN_E001,NAR000180_EN,today,2024-01-19,DATE,incident_date,155,160,S003,certain,user_stated,NAR000180_EN_CG001,EVT000180_001,False,NOT_MASKED,ENT_ANN_001,REV261
NAR000181_EN_E001,NAR000181_EN,market,market,LOCATION,incident_location,194,200,S002,certain,user_stated,NAR000181_EN_CG001,EVT000181_001,False,NOT_MASKED,ENT_ANN_001,REV598
NAR000182_EN_E001,NAR000182_EN,I,self-reported complainant,COMPLAINANT,complainant,-1,-1,S001,certain,user_stated,NAR000182_EN_CG001,EVT000182_001,False,NOT_MASKED,ENT_ANN_001,REV209
NAR000183_EN_E001,NAR000183_EN,Road,road,LOCATION,incident_location,189,193,S002,certain,user_stated,NAR000183_EN_CG001,EVT000183_001,False,NOT_MASKED,ENT_ANN_001,REV678
NAR000184_EN_E001,NAR000184_EN,I,self-reported complainant,COMPLAINANT,complainant,-1,-1,S001,certain,user_stated,NAR000184_EN_CG001,EVT000184_001,False,NOT_MASKED,ENT_ANN_001,REV398
NAR000185_EN_E001,NAR000185_EN,house,house,LOCATION,incident_location,102,107,S002,certain,user_stated,NAR000185_EN_CG001,EVT000185_001,False,NOT_MASKED,ENT_ANN_001,REV667
NAR000186_EN_E001,NAR000186_EN,today,2024-01-25,DATE,incident_date,165,170,S003,certain,user_stated,NAR000186_EN_CG001,EVT000186_001,False,NOT_MASKED,ENT_ANN_001,REV945
NAR000187_EN_E001,NAR000187_EN,I,self-reported complainant,COMPLAINANT,complainant,-1,-1,S001,certain,user_stated,NAR000187_EN_CG001,EVT000187_001,False,NOT_MASKED,ENT_ANN_001,REV475
NAR000188_EN_E001,NAR000188_EN,I,self-reported complainant,COMPLAINANT,complainant,-1,-1,S001,certain,user_stated,NAR000188_EN_CG001,EVT000188_001,False,NOT_MASKED,ENT_ANN_001,REV180
NAR000189_EN_E001,NAR000189_EN,house,house,LOCATION,incident_location,158,163,S002,certain,user_stated,NAR000189_EN_CG001,EVT000189_001,False,NOT_MASKED,ENT_ANN_001,REV319
NAR000190_EN_E001,NAR000190_EN,I,self-reported complainant,COMPLAINANT,complainant,-1,-1,S001,certain,user_stated,NAR000190_EN_CG001,EVT000190_001,False,NOT_MASKED,ENT_ANN_001,REV257
NAR000191_EN_E001,NAR000191_EN,I,self-reported complainant,COMPLAINANT,complainant,-1,-1,S001,certain,user_stated,NAR000191_EN_CG001,EVT000191_001,False,NOT_MASKED,ENT_ANN_001,REV689
NAR000192_EN_E001,NAR000192_EN,I,self-reported complainant,COMPLAINANT,complainant,-1,-1,S001,certain,user_stated,NAR000192_EN_CG001,EVT000192_001,False,NOT_MASKED,ENT_ANN_001,REV378
NAR000193_EN_E001,NAR000193_EN,market,market,LOCATION,incident_location,102,108,S002,certain,user_stated,NAR000193_EN_CG001,EVT000193_001,False,NOT_MASKED,ENT_ANN_001,REV382
NAR000194_EN_E001,NAR000194_EN,I,self-reported complainant,COMPLAINANT,complainant,-1,-1,S001,certain,user_stated,NAR000194_EN_CG001,EVT000194_001,False,NOT_MASKED,ENT_ANN_001,REV868
NAR000195_EN_E001,NAR000195_EN,I,self-reported complainant,COMPLAINANT,complainant,-1,-1,S001,certain,user_stated,NAR000195_EN_CG001,EVT000195_001,False,NOT_MASKED,ENT_ANN_001,REV203
NAR000196_EN_E001,NAR000196_EN,today,2024-02-15,DATE,incident_date,139,144,S003,certain,user_stated,NAR000196_EN_CG001,EVT000196_001,False,NOT_MASKED,ENT_ANN_001,REV335
NAR000197_EN_E001,NAR000197_EN,I,self-reported complainant,COMPLAINANT,complainant,-1,-1,S001,certain,user_stated,NAR000197_EN_CG001,EVT000197_001,False,NOT_MASKED,ENT_ANN_001,REV791
NAR000198_EN_E001,NAR000198_EN,today,2024-02-16,DATE,incident_date,156,161,S003,certain,user_stated,NAR000198_EN_CG001,EVT000198_001,False,NOT_MASKED,ENT_ANN_001,REV953
NAR000199_EN_E001,NAR000199_EN,yesterday,2024-02-23,DATE,incident_date,89,98,S002,certain,user_stated,NAR000199_EN_CG001,EVT000199_001,False,NOT_MASKED,ENT_ANN_001,REV297
NAR000199_EN_E002,NAR000199_EN,phone,phone,STOLEN_PROPERTY,stolen_or_target_property,112,117,S002,certain,user_stated,NAR000199_EN_CG002,EVT000199_001,False,NOT_MASKED,ENT_ANN_001,REV297
NAR000200_EN_E001,NAR000200_EN,yesterday,2024-02-25,DATE,incident_date,107,116,S002,certain,user_stated,NAR000200_EN_CG001,EVT000200_001,False,NOT_MASKED,ENT_ANN_001,REV640
NAR000201_EN_E001,NAR000201_EN,I,self-reported complainant,COMPLAINANT,complainant,-1,-1,S001,certain,user_stated,NAR000201_EN_CG001,EVT000201_001,False,NOT_MASKED,ENT_ANN_001,REV599
NAR000202_EN_E001,NAR000202_EN,today,2024-02-28,DATE,incident_date,57,62,S001,certain,user_stated,NAR000202_EN_CG001,EVT000202_001,False,NOT_MASKED,ENT_ANN_001,REV663
NAR000203_EN_E001,NAR000203_EN,I,self-reported complainant,COMPLAINANT,complainant,-1,-1,S001,certain,user_stated,NAR000203_EN_CG001,EVT000203_001,False,NOT_MASKED,ENT_ANN_001,REV160
NAR000204_EN_E001,NAR000204_EN,I,self-reported complainant,COMPLAINANT,complainant,-1,-1,S001,certain,user_stated,NAR000204_EN_CG001,EVT000204_001,False,NOT_MASKED,ENT_ANN_001,REV742
NAR000205_EN_E001,NAR000205_EN,today,2024-03-06,DATE,incident_date,47,52,S001,certain,user_stated,NAR000205_EN_CG001,EVT000205_001,False,NOT_MASKED,ENT_ANN_001,REV456
NAR000206_EN_E001,NAR000206_EN,I,self-reported complainant,COMPLAINANT,complainant,-1,-1,S001,certain,user_stated,NAR000206_EN_CG001,EVT000206_001,False,NOT_MASKED,ENT_ANN_001,REV684
NAR000207_EN_E001,NAR000207_EN,I,self-reported complainant,COMPLAINANT,complainant,-1,-1,S001,certain,user_stated,NAR000207_EN_CG001,EVT000207_001,False,NOT_MASKED,ENT_ANN_001,REV236
NAR000208_EN_E001,NAR000208_EN,I,self-reported complainant,COMPLAINANT,complainant,-1,-1,S001,certain,user_stated,NAR000208_EN_CG001,EVT000208_001,False,NOT_MASKED,ENT_ANN_001,REV971
NAR000209_EN_E001,NAR000209_EN,I,self-reported complainant,COMPLAINANT,complainant,-1,-1,S001,certain,user_stated,NAR000209_EN_CG001,EVT000209_001,False,NOT_MASKED,ENT_ANN_001,REV458
NAR000210_EN_E001,NAR000210_EN,I,self-reported complainant,COMPLAINANT,complainant,-1,-1,S001,certain,user_stated,NAR000210_EN_CG001,EVT000210_001,False,NOT_MASKED,ENT_ANN_001,REV223
NAR000211_EN_E001,NAR000211_EN,yesterday,2024-03-25,DATE,incident_date,48,57,S001,certain,user_stated,NAR000211_EN_CG001,EVT000211_001,False,NOT_MASKED,ENT_ANN_001,REV324
NAR000211_EN_E002,NAR000211_EN,bank,bank,LOCATION,incident_location,30,34,S001,certain,user_stated,NAR000211_EN_CG002,EVT000211_001,False,NOT_MASKED,ENT_ANN_001,REV324
NAR000211_EN_E003,NAR000211_EN,phone,phone,STOLEN_PROPERTY,stolen_or_target_property,71,76,S001,certain,user_stated,NAR000211_EN_CG003,EVT000211_001,False,NOT_MASKED,ENT_ANN_001,REV324
NAR000212_EN_E001,NAR000212_EN,I,self-reported complainant,COMPLAINANT,complainant,-1,-1,S001,certain,user_stated,NAR000212_EN_CG001,EVT000212_001,False,NOT_MASKED,ENT_ANN_001,REV535
NAR000213_EN_E001,NAR000213_EN,I,self-reported complainant,COMPLAINANT,complainant,-1,-1,S001,certain,user_stated,NAR000213_EN_CG001,EVT000213_001,False,NOT_MASKED,ENT_ANN_001,REV630
NAR000214_EN_E001,NAR000214_EN,I,self-reported complainant,COMPLAINANT,complainant,-1,-1,S001,certain,user_stated,NAR000214_EN_CG001,EVT000214_001,False,NOT_MASKED,ENT_ANN_001,REV224
NAR000215_EN_E001,NAR000215_EN,home,home,LOCATION,incident_location,98,102,S001,certain,user_stated,NAR000215_EN_CG001,EVT000215_001,False,NOT_MASKED,ENT_ANN_001,REV950
NAR000216_EN_E001,NAR000216_EN,I,self-reported complainant,COMPLAINANT,complainant,-1,-1,S001,certain,user_stated,NAR000216_EN_CG001,EVT000216_001,False,NOT_MASKED,ENT_ANN_001,REV913
NAR000217_EN_E001,NAR000217_EN,house,house,LOCATION,incident_location,143,148,S001,certain,user_stated,NAR000217_EN_CG001,EVT000217_001,False,NOT_MASKED,ENT_ANN_001,REV643
NAR000218_EN_E001,NAR000218_EN,I,self-reported complainant,COMPLAINANT,complainant,-1,-1,S001,certain,user_stated,NAR000218_EN_CG001,EVT000218_001,False,NOT_MASKED,ENT_ANN_001,REV684
NAR000219_EN_E001,NAR000219_EN,house,house,LOCATION,incident_location,48,53,S001,certain,user_stated,NAR000219_EN_CG001,EVT000219_001,False,NOT_MASKED,ENT_ANN_001,REV349
NAR000220_EN_E001,NAR000220_EN,street,street,LOCATION,incident_location,78,84,S001,certain,user_stated,NAR000220_EN_CG001,EVT000220_001,False,NOT_MASKED,ENT_ANN_001,REV590
NAR000221_EN_E001,NAR000221_EN,I,self-reported complainant,COMPLAINANT,complainant,-1,-1,S001,certain,user_stated,NAR000221_EN_CG001,EVT000221_001,False,NOT_MASKED,ENT_ANN_001,REV917
NAR000222_EN_E001,NAR000222_EN,I,self-reported complainant,COMPLAINANT,complainant,-1,-1,S001,certain,user_stated,NAR000222_EN_CG001,EVT000222_001,False,NOT_MASKED,ENT_ANN_001,REV569
NAR000223_EN_E001,NAR000223_EN,I,self-reported complainant,COMPLAINANT,complainant,-1,-1,S001,certain,user_stated,NAR000223_EN_CG001,EVT000223_001,False,NOT_MASKED,ENT_ANN_001,REV817
NAR000224_EN_E001,NAR000224_EN,I,self-reported complainant,COMPLAINANT,complainant,-1,-1,S001,certain,user_stated,NAR000224_EN_CG001,EVT000224_001,False,NOT_MASKED,ENT_ANN_001,REV806
NAR000225_EN_E001,NAR000225_EN,I,self-reported complainant,COMPLAINANT,complainant,-1,-1,S001,certain,user_stated,NAR000225_EN_CG001,EVT000225_001,False,NOT_MASKED,ENT_ANN_001,REV773
NAR000226_EN_E001,NAR000226_EN,I,self-reported complainant,COMPLAINANT,complainant,-1,-1,S001,certain,user_stated,NAR000226_EN_CG001,EVT000226_001,False,NOT_MASKED,ENT_ANN_001,REV112
NAR000227_EN_E001,NAR000227_EN,I,self-reported complainant,COMPLAINANT,complainant,-1,-1,S001,certain,user_stated,NAR000227_EN_CG001,EVT000227_001,False,NOT_MASKED,ENT_ANN_001,REV143
NAR000228_EN_E001,NAR000228_EN,I,self-reported complainant,COMPLAINANT,complainant,-1,-1,S001,certain,user_stated,NAR000228_EN_CG001,EVT000228_001,False,NOT_MASKED,ENT_ANN_001,REV287
NAR000229_EN_E001,NAR000229_EN,I,self-reported complainant,COMPLAINANT,complainant,-1,-1,S001,certain,user_stated,NAR000229_EN_CG001,EVT000229_001,False,NOT_MASKED,ENT_ANN_001,REV475
NAR000230_EN_E001,NAR000230_EN,Bank,bank,LOCATION,incident_location,21,25,S001,certain,user_stated,NAR000230_EN_CG001,EVT000230_001,False,NOT_MASKED,ENT_ANN_001,REV346
NAR000230_EN_E002,NAR000230_EN,Office,office,LOCATION,incident_location,11,17,S001,certain,user_stated,NAR000230_EN_CG002,EVT000230_001,False,NOT_MASKED,ENT_ANN_001,REV346
NAR000231_EN_E001,NAR000231_EN,today,2024-05-02,DATE,incident_date,136,141,S001,certain,user_stated,NAR000231_EN_CG001,EVT000231_001,False,NOT_MASKED,ENT_ANN_001,REV903
NAR000232_EN_E001,NAR000232_EN,today,2024-05-04,DATE,incident_date,45,50,S001,certain,user_stated,NAR000232_EN_CG001,EVT000232_001,False,NOT_MASKED,ENT_ANN_001,REV790
NAR000232_EN_E002,NAR000232_EN,house,house,LOCATION,incident_location,26,31,S001,certain,user_stated,NAR000232_EN_CG002,EVT000232_001,False,NOT_MASKED,ENT_ANN_001,REV790
NAR000233_EN_E001,NAR000233_EN,I,self-reported complainant,COMPLAINANT,complainant,-1,-1,S001,certain,user_stated,NAR000233_EN_CG001,EVT000233_001,False,NOT_MASKED,ENT_ANN_001,REV241
NAR000234_EN_E001,NAR000234_EN,House,house,LOCATION,incident_location,39,44,S001,certain,user_stated,NAR000234_EN_CG001,EVT000234_001,False,NOT_MASKED,ENT_ANN_001,REV847
NAR000234_EN_E002,NAR000234_EN,bag,bag,STOLEN_PROPERTY,stolen_or_target_property,190,193,S004,certain,user_stated,NAR000234_EN_CG002,EVT000234_001,False,NOT_MASKED,ENT_ANN_001,REV847
NAR000235_EN_E001,NAR000235_EN,I,self-reported complainant,COMPLAINANT,complainant,-1,-1,S001,certain,user_stated,NAR000235_EN_CG001,EVT000235_001,False,NOT_MASKED,ENT_ANN_001,REV799
NAR000236_EN_E001,NAR000236_EN,I,self-reported complainant,COMPLAINANT,complainant,-1,-1,S001,certain,user_stated,NAR000236_EN_CG001,EVT000236_001,False,NOT_MASKED,ENT_ANN_001,REV576
NAR000237_EN_E001,NAR000237_EN,today,2024-05-17,DATE,incident_date,51,56,S001,certain,user_stated,NAR000237_EN_CG001,EVT000237_001,False,NOT_MASKED,ENT_ANN_001,REV123
NAR000237_EN_E002,NAR000237_EN,road,road,LOCATION,incident_location,33,37,S001,certain,user_stated,NAR000237_EN_CG002,EVT000237_001,False,NOT_MASKED,ENT_ANN_001,REV123
NAR000238_EN_E001,NAR000238_EN,I,self-reported complainant,COMPLAINANT,complainant,-1,-1,S001,certain,user_stated,NAR000238_EN_CG001,EVT000238_001,False,NOT_MASKED,ENT_ANN_001,REV805
NAR000239_EN_E001,NAR000239_EN,park,park,LOCATION,incident_location,126,130,S001,certain,user_stated,NAR000239_EN_CG001,EVT000239_001,False,NOT_MASKED,ENT_ANN_001,REV421
NAR000240_EN_E001,NAR000240_EN,I,self-reported complainant,COMPLAINANT,complainant,-1,-1,S001,certain,user_stated,NAR000240_EN_CG001,EVT000240_001,False,NOT_MASKED,ENT_ANN_001,REV144
NAR000241_EN_E001,NAR000241_EN,road,road,LOCATION,incident_location,67,71,S001,certain,user_stated,NAR000241_EN_CG001,EVT000241_001,False,NOT_MASKED,ENT_ANN_001,REV115
NAR000242_EN_E001,NAR000242_EN,today,2024-05-23,DATE,incident_date,65,70,S001,certain,user_stated,NAR000242_EN_CG001,EVT000242_001,False,NOT_MASKED,ENT_ANN_001,REV934
NAR000242_EN_E002,NAR000242_EN,street,street,LOCATION,incident_location,45,51,S001,certain,user_stated,NAR000242_EN_CG002,EVT000242_001,False,NOT_MASKED,ENT_ANN_001,REV934
NAR000243_EN_E001,NAR000243_EN,today,2024-05-24,DATE,incident_date,124,129,S002,certain,user_stated,NAR000243_EN_CG001,EVT000243_001,False,NOT_MASKED,ENT_ANN_001,REV313
NAR000243_EN_E002,NAR000243_EN,Road,road,LOCATION,incident_location,41,45,S001,certain,user_stated,NAR000243_EN_CG002,EVT000243_001,False,NOT_MASKED,ENT_ANN_001,REV313
NAR000244_EN_E001,NAR000244_EN,I,self-reported complainant,COMPLAINANT,complainant,-1,-1,S001,certain,user_stated,NAR000244_EN_CG001,EVT000244_001,False,NOT_MASKED,ENT_ANN_001,REV767
NAR000245_EN_E001,NAR000245_EN,I,self-reported complainant,COMPLAINANT,complainant,-1,-1,S001,certain,user_stated,NAR000245_EN_CG001,EVT000245_001,False,NOT_MASKED,ENT_ANN_001,REV691
NAR000246_EN_E001,NAR000246_EN,I,self-reported complainant,COMPLAINANT,complainant,-1,-1,S001,certain,user_stated,NAR000246_EN_CG001,EVT000246_001,False,NOT_MASKED,ENT_ANN_001,REV744
NAR000247_EN_E001,NAR000247_EN,I,self-reported complainant,COMPLAINANT,complainant,-1,-1,S001,certain,user_stated,NAR000247_EN_CG001,EVT000247_001,False,NOT_MASKED,ENT_ANN_001,REV928
NAR000248_EN_E001,NAR000248_EN,House,house,LOCATION,incident_location,162,167,S001,certain,user_stated,NAR000248_EN_CG001,EVT000248_001,False,NOT_MASKED,ENT_ANN_001,REV278
NAR000248_EN_E002,NAR000248_EN,Office,office,LOCATION,incident_location,13,19,S001,certain,user_stated,NAR000248_EN_CG002,EVT000248_001,False,NOT_MASKED,ENT_ANN_001,REV278
NAR000249_EN_E001,NAR000249_EN,bank,bank,LOCATION,incident_location,22,26,S001,certain,user_stated,NAR000249_EN_CG001,EVT000249_001,False,NOT_MASKED,ENT_ANN_001,REV181
NAR000250_EN_E001,NAR000250_EN,I,self-reported complainant,COMPLAINANT,complainant,-1,-1,S001,certain,user_stated,NAR000250_EN_CG001,EVT000250_001,False,NOT_MASKED,ENT_ANN_001,REV382
NAR000251_EN_E001,NAR000251_EN,Mobile,mobile,STOLEN_PROPERTY,stolen_or_target_property,201,207,S002,certain,user_stated,NAR000251_EN_CG001,EVT000251_001,False,NOT_MASKED,ENT_ANN_001,REV358
NAR000252_EN_E001,NAR000252_EN,I,self-reported complainant,COMPLAINANT,complainant,-1,-1,S001,certain,user_stated,NAR000252_EN_CG001,EVT000252_001,False,NOT_MASKED,ENT_ANN_001,REV788
NAR000253_EN_E001,NAR000253_EN,I,self-reported complainant,COMPLAINANT,complainant,-1,-1,S001,certain,user_stated,NAR000253_EN_CG001,EVT000253_001,False,NOT_MASKED,ENT_ANN_001,REV985
NAR000254_EN_E001,NAR000254_EN,Mobile,mobile,STOLEN_PROPERTY,stolen_or_target_property,117,123,S001,certain,user_stated,NAR000254_EN_CG001,EVT000254_001,False,NOT_MASKED,ENT_ANN_001,REV690
NAR000255_EN_E001,NAR000255_EN,I,self-reported complainant,COMPLAINANT,complainant,-1,-1,S001,certain,user_stated,NAR000255_EN_CG001,EVT000255_001,False,NOT_MASKED,ENT_ANN_001,REV587
NAR000256_EN_E001,NAR000256_EN,house,house,LOCATION,incident_location,42,47,S001,certain,user_stated,NAR000256_EN_CG001,EVT000256_001,False,NOT_MASKED,ENT_ANN_001,REV700
NAR000257_EN_E001,NAR000257_EN,today,2024-06-24,DATE,incident_date,117,122,S001,certain,user_stated,NAR000257_EN_CG001,EVT000257_001,False,NOT_MASKED,ENT_ANN_001,REV141
NAR000258_EN_E001,NAR000258_EN,home,home,LOCATION,incident_location,21,25,S001,certain,user_stated,NAR000258_EN_CG001,EVT000258_001,False,NOT_MASKED,ENT_ANN_001,REV510
NAR000258_EN_E002,NAR000258_EN,car,car,VEHICLE,vehicle_involved,245,248,S004,certain,user_stated,NAR000258_EN_CG002,EVT000258_001,False,NOT_MASKED,ENT_ANN_001,REV510
NAR000259_EN_E001,NAR000259_EN,I,self-reported complainant,COMPLAINANT,complainant,-1,-1,S001,certain,user_stated,NAR000259_EN_CG001,EVT000259_001,False,NOT_MASKED,ENT_ANN_001,REV279
NAR000260_EN_E001,NAR000260_EN,I,self-reported complainant,COMPLAINANT,complainant,-1,-1,S001,certain,user_stated,NAR000260_EN_CG001,EVT000260_001,False,NOT_MASKED,ENT_ANN_001,REV400
NAR000261_EN_E001,NAR000261_EN,yesterday,2024-06-30,DATE,incident_date,71,80,S001,certain,user_stated,NAR000261_EN_CG001,EVT000261_001,False,NOT_MASKED,ENT_ANN_001,REV379
NAR000262_EN_E001,NAR000262_EN,today,2024-07-04,DATE,incident_date,47,52,S001,certain,user_stated,NAR000262_EN_CG001,EVT000262_001,False,NOT_MASKED,ENT_ANN_001,REV564
NAR000263_EN_E001,NAR000263_EN,road,road,LOCATION,incident_location,47,51,S001,certain,user_stated,NAR000263_EN_CG001,EVT000263_001,False,NOT_MASKED,ENT_ANN_001,REV834
NAR000263_EN_E002,NAR000263_EN,office,office,LOCATION,incident_location,472,478,S003,certain,user_stated,NAR000263_EN_CG002,EVT000263_001,False,NOT_MASKED,ENT_ANN_001,REV834
NAR000264_EN_E001,NAR000264_EN,I,self-reported complainant,COMPLAINANT,complainant,-1,-1,S001,certain,user_stated,NAR000264_EN_CG001,EVT000264_001,False,NOT_MASKED,ENT_ANN_001,REV871
NAR000265_EN_E001,NAR000265_EN,I,self-reported complainant,COMPLAINANT,complainant,-1,-1,S001,certain,user_stated,NAR000265_EN_CG001,EVT000265_001,False,NOT_MASKED,ENT_ANN_001,REV919
NAR000266_EN_E001,NAR000266_EN,street,street,LOCATION,incident_location,72,78,S001,certain,user_stated,NAR000266_EN_CG001,EVT000266_001,False,NOT_MASKED,ENT_ANN_001,REV491
NAR000267_EN_E001,NAR000267_EN,today,2024-07-11,DATE,incident_date,131,136,S002,certain,user_stated,NAR000267_EN_CG001,EVT000267_001,False,NOT_MASKED,ENT_ANN_001,REV108
NAR000268_EN_E001,NAR000268_EN,I,self-reported complainant,COMPLAINANT,complainant,-1,-1,S001,certain,user_stated,NAR000268_EN_CG001,EVT000268_001,False,NOT_MASKED,ENT_ANN_001,REV434
NAR000269_EN_E001,NAR000269_EN,Mobile,mobile,STOLEN_PROPERTY,stolen_or_target_property,201,207,S002,certain,user_stated,NAR000269_EN_CG001,EVT000269_001,False,NOT_MASKED,ENT_ANN_001,REV243
NAR000270_EN_E001,NAR000270_EN,I,self-reported complainant,COMPLAINANT,complainant,-1,-1,S001,certain,user_stated,NAR000270_EN_CG001,EVT000270_001,False,NOT_MASKED,ENT_ANN_001,REV515
NAR000271_EN_E001,NAR000271_EN,today,2024-07-27,DATE,incident_date,126,131,S001,certain,user_stated,NAR000271_EN_CG001,EVT000271_001,False,NOT_MASKED,ENT_ANN_001,REV592
NAR000271_EN_E002,NAR000271_EN,House,house,LOCATION,incident_location,107,112,S001,certain,user_stated,NAR000271_EN_CG002,EVT000271_001,False,NOT_MASKED,ENT_ANN_001,REV592
NAR000272_EN_E001,NAR000272_EN,I,self-reported complainant,COMPLAINANT,complainant,-1,-1,S001,certain,user_stated,NAR000272_EN_CG001,EVT000272_001,False,NOT_MASKED,ENT_ANN_001,REV196
NAR000273_EN_E001,NAR000273_EN,house,house,LOCATION,incident_location,63,68,S001,certain,user_stated,NAR000273_EN_CG001,EVT000273_001,False,NOT_MASKED,ENT_ANN_001,REV956
NAR000274_EN_E001,NAR000274_EN,I,self-reported complainant,COMPLAINANT,complainant,-1,-1,S001,certain,user_stated,NAR000274_EN_CG001,EVT000274_001,False,NOT_MASKED,ENT_ANN_001,REV529
NAR000275_EN_E001,NAR000275_EN,street,street,LOCATION,incident_location,147,153,S001,certain,user_stated,NAR000275_EN_CG001,EVT000275_001,False,NOT_MASKED,ENT_ANN_001,REV417
NAR000276_EN_E001,NAR000276_EN,I,self-reported complainant,COMPLAINANT,complainant,-1,-1,S001,certain,user_stated,NAR000276_EN_CG001,EVT000276_001,False,NOT_MASKED,ENT_ANN_001,REV449
NAR000277_EN_E001,NAR000277_EN,house,house,LOCATION,incident_location,142,147,S001,certain,user_stated,NAR000277_EN_CG001,EVT000277_001,False,NOT_MASKED,ENT_ANN_001,REV699
NAR000278_EN_E001,NAR000278_EN,street,street,LOCATION,incident_location,83,89,S001,certain,user_stated,NAR000278_EN_CG001,EVT000278_001,False,NOT_MASKED,ENT_ANN_001,REV101
NAR000279_EN_E001,NAR000279_EN,I,self-reported complainant,COMPLAINANT,complainant,-1,-1,S001,certain,user_stated,NAR000279_EN_CG001,EVT000279_001,False,NOT_MASKED,ENT_ANN_001,REV944
NAR000280_EN_E001,NAR000280_EN,road,road,LOCATION,incident_location,78,82,S001,certain,user_stated,NAR000280_EN_CG001,EVT000280_001,False,NOT_MASKED,ENT_ANN_001,REV173
NAR000280_EN_E002,NAR000280_EN,park,park,LOCATION,incident_location,39,43,S001,certain,user_stated,NAR000280_EN_CG002,EVT000280_001,False,NOT_MASKED,ENT_ANN_001,REV173
NAR000281_EN_E001,NAR000281_EN,I,self-reported complainant,COMPLAINANT,complainant,-1,-1,S001,certain,user_stated,NAR000281_EN_CG001,EVT000281_001,False,NOT_MASKED,ENT_ANN_001,REV343
NAR000282_EN_E001,NAR000282_EN,I,self-reported complainant,COMPLAINANT,complainant,-1,-1,S001,certain,user_stated,NAR000282_EN_CG001,EVT000282_001,False,NOT_MASKED,ENT_ANN_001,REV645
NAR000283_EN_E001,NAR000283_EN,bank,bank,LOCATION,incident_location,93,97,S001,certain,user_stated,NAR000283_EN_CG001,EVT000283_001,False,NOT_MASKED,ENT_ANN_001,REV577
NAR000284_EN_E001,NAR000284_EN,Office,office,LOCATION,incident_location,13,19,S001,certain,user_stated,NAR000284_EN_CG001,EVT000284_001,False,NOT_MASKED,ENT_ANN_001,REV268
NAR000285_EN_E001,NAR000285_EN,mobile,mobile,STOLEN_PROPERTY,stolen_or_target_property,22,28,S001,certain,user_stated,NAR000285_EN_CG001,EVT000285_001,False,NOT_MASKED,ENT_ANN_001,REV496
NAR000286_EN_E001,NAR000286_EN,house,house,LOCATION,incident_location,132,137,S001,certain,user_stated,NAR000286_EN_CG001,EVT000286_001,False,NOT_MASKED,ENT_ANN_001,REV454
NAR000287_EN_E001,NAR000287_EN,I,self-reported complainant,COMPLAINANT,complainant,-1,-1,S001,certain,user_stated,NAR000287_EN_CG001,EVT000287_001,False,NOT_MASKED,ENT_ANN_001,REV767
NAR000288_EN_E001,NAR000288_EN,Office,office,LOCATION,incident_location,16,22,S001,certain,user_stated,NAR000288_EN_CG001,EVT000288_001,False,NOT_MASKED,ENT_ANN_001,REV175
NAR000289_EN_E001,NAR000289_EN,I,self-reported complainant,COMPLAINANT,complainant,-1,-1,S001,certain,user_stated,NAR000289_EN_CG001,EVT000289_001,False,NOT_MASKED,ENT_ANN_001,REV517
NAR000290_EN_E001,NAR000290_EN,House,house,LOCATION,incident_location,153,158,S001,certain,user_stated,NAR000290_EN_CG001,EVT000290_001,False,NOT_MASKED,ENT_ANN_001,REV943
NAR000290_EN_E002,NAR000290_EN,Office,office,LOCATION,incident_location,13,19,S001,certain,user_stated,NAR000290_EN_CG002,EVT000290_001,False,NOT_MASKED,ENT_ANN_001,REV943
NAR000291_EN_E001,NAR000291_EN,I,self-reported complainant,COMPLAINANT,complainant,-1,-1,S001,certain,user_stated,NAR000291_EN_CG001,EVT000291_001,False,NOT_MASKED,ENT_ANN_001,REV391
NAR000292_EN_E001,NAR000292_EN,house,house,LOCATION,incident_location,42,47,S001,certain,user_stated,NAR000292_EN_CG001,EVT000292_001,False,NOT_MASKED,ENT_ANN_001,REV948
NAR000293_EN_E001,NAR000293_EN,home,home,LOCATION,incident_location,21,25,S001,certain,user_stated,NAR000293_EN_CG001,EVT000293_001,False,NOT_MASKED,ENT_ANN_001,REV988
NAR000293_EN_E002,NAR000293_EN,car,car,VEHICLE,vehicle_involved,249,252,S004,certain,user_stated,NAR000293_EN_CG002,EVT000293_001,False,NOT_MASKED,ENT_ANN_001,REV988
NAR000294_EN_E001,NAR000294_EN,I,self-reported complainant,COMPLAINANT,complainant,-1,-1,S001,certain,user_stated,NAR000294_EN_CG001,EVT000294_001,False,NOT_MASKED,ENT_ANN_001,REV904
NAR000295_EN_E001,NAR000295_EN,I,self-reported complainant,COMPLAINANT,complainant,-1,-1,S001,certain,user_stated,NAR000295_EN_CG001,EVT000295_001,False,NOT_MASKED,ENT_ANN_001,REV489
NAR000296_EN_E001,NAR000296_EN,house,house,LOCATION,incident_location,209,214,S002,certain,user_stated,NAR000296_EN_CG001,EVT000296_001,False,NOT_MASKED,ENT_ANN_001,REV445
NAR000297_EN_E001,NAR000297_EN,road,road,LOCATION,incident_location,128,132,S001,certain,user_stated,NAR000297_EN_CG001,EVT000297_001,False,NOT_MASKED,ENT_ANN_001,REV763
NAR000298_EN_E001,NAR000298_EN,House,house,LOCATION,incident_location,320,325,S002,certain,user_stated,NAR000298_EN_CG001,EVT000298_001,False,NOT_MASKED,ENT_ANN_001,REV967
NAR000299_EN_E001,NAR000299_EN,I,self-reported complainant,COMPLAINANT,complainant,-1,-1,S001,certain,user_stated,NAR000299_EN_CG001,EVT000299_001,False,NOT_MASKED,ENT_ANN_001,REV256
NAR000300_EN_E001,NAR000300_EN,today,2024-09-26,DATE,incident_date,130,135,S002,certain,user_stated,NAR000300_EN_CG001,EVT000300_001,False,NOT_MASKED,ENT_ANN_001,REV653
NAR000300_EN_E002,NAR000300_EN,Mobile,mobile,STOLEN_PROPERTY,stolen_or_target_property,43,49,S001,certain,user_stated,NAR000300_EN_CG002,EVT000300_001,False,NOT_MASKED,ENT_ANN_001,REV653
