relation_id,narrative_id,event_id_1,event_id_2,relation_type,relation_certainty,source_text,gold_order,annotator_id,reviewer_id
REL000001,NAR000001_EN,EVT000001_001,EVT000001_002,BEFORE,certain,"When I asked the manager to fix it or give my money back, they were super rude and completely brushed me off.",EVT000001_001 precedes EVT000001_002,REL_ANN_001,REV849
REL000002,NAR000002_EN,EVT000002_001,EVT000002_002,BEFORE,probable,"Dear Municipal Authorities, I am writing to formally log a civic grievance regarding the ongoing pattern of noise pollution grievance at the Residential street.",EVT000002_001 precedes EVT000002_002,REL_ANN_001,REV549
REL000003,NAR000003_EN,EVT000003_001,EVT000003_002,CAUSES,certain,The collision or blockage led to structural vehicular property damage and caused a severe traffic bottleneck requiring immediate clearing..,EVT000003_001 causes EVT000003_002,REL_ANN_001,REV328
REL000004,NAR000004_EN,EVT000004_001,EVT000004_002,BEFORE,probable,super sketchy service watch out.,EVT000004_001 precedes EVT000004_002,REL_ANN_001,REV705
REL000005,NAR000005_EN,EVT000005_001,EVT000005_002,BEFORE,probable,An incident of social media hacking compromised security systems across the specified Online platform at 17:10.,EVT000005_001 precedes EVT000005_002,REL_ANN_001,REV537
REL000006,NAR000006_EN,EVT000006_001,EVT000006_002,BEFORE,probable,The observer witnessed an intense disagreement between the management and an employee inside the workplace around 21:28.,EVT000006_001 precedes EVT000006_002,REL_ANN_001,REV242
REL000007,NAR000007_EN,EVT000007_001,EVT000007_002,BEFORE,probable,pls help someone is targeting me with domestic dispute right now at the Apartment!!,EVT000007_001 precedes EVT000007_002,REL_ANN_001,REV842
REL000008,NAR000008_EN,EVT000008_001,EVT000008_002,FOLLOWS,certain,Property ownership documents have been submitted for verification..,EVT000008_001 precedes EVT000008_002,REL_ANN_001,REV220
REL000009,NAR000009_EN,EVT000009_001,EVT000009_002,BEFORE,certain,"Dear Consumer Forum Support, I am writing to formally register a merchant complaint regarding a severe instance of overcharging and hidden fees that occurred at Restaurant on 2026-07-05 at 04:50 hours.",EVT000009_001 precedes EVT000009_002,REL_ANN_001,REV887
REL000010,NAR000010_EN,EVT000010_001,EVT000010_002,FOLLOWS,certain,The internal auditor observed highly irregular transaction entries passing through the shop around 09:18.,EVT000010_001 precedes EVT000010_002,REL_ANN_001,REV622
REL000011,NAR000011_EN,EVT000011_001,EVT000011_002,BEFORE,probable,Security personnel were subsequently informed to review the breach of safety within the jurisdiction..,EVT000011_001 precedes EVT000011_002,REL_ANN_001,REV751
REL000012,NAR000012_EN,EVT000012_001,EVT000012_002,FOLLOWS,certain,"A customer was contesting a distinct case of expired or contaminated goods sale, showing clear evidence to the merchant, who continuously refused liability or proper resolution..",EVT000012_001 precedes EVT000012_002,REL_ANN_001,REV805
REL000013,NAR000013_EN,EVT000013_001,EVT000013_002,BEFORE,certain,"The vendor reportedly engaged in unfair trade practices, failing to resolve the commercial non-compliance.",EVT000013_001 precedes EVT000013_002,REL_ANN_001,REV882
REL000014,NAR000014_EN,EVT000014_001,EVT000014_002,BEFORE,probable,Case logged under regional motor vehicle acts..,EVT000014_001 precedes EVT000014_002,REL_ANN_001,REV352
REL000015,NAR000015_EN,EVT000015_001,EVT000015_002,BEFORE,probable,"So I went down to the online platform around 17:39 to check my balance, and I realized I was a victim of a massive insurance claim fraud.",EVT000015_001 precedes EVT000015_002,REL_ANN_001,REV881
REL000016,NAR000016_EN,EVT000016_001,EVT000016_002,BEFORE,certain,The conflict reportedly originated from long-standing domestic pressures and rapidly intensified into aggressive behavior around 05:45.,EVT000016_001 precedes EVT000016_002,REL_ANN_001,REV504
REL000017,NAR000017_EN,EVT000017_001,EVT000017_002,BEFORE,certain,The bystander reported observing a heated argument developing near the apartment around 06:00.,EVT000017_001 precedes EVT000017_002,REL_ANN_001,REV126
REL000018,NAR000018_EN,EVT000018_001,EVT000018_002,BEFORE,probable,"So I clicked this link thinking it was an official notification around 16:02 yesterday, and suddenly I was locked out of my account.",EVT000018_001 precedes EVT000018_002,REL_ANN_001,REV685
REL000019,NAR000019_EN,EVT000019_001,EVT000019_002,BEFORE,probable,An incident of domestic distress categorized as dowry harassment occurred inside a residential premises at 16:38.,EVT000019_001 precedes EVT000019_002,REL_ANN_001,REV672
REL000020,NAR000020_EN,EVT000020_001,EVT000020_002,BEFORE,probable,A transactional incident concerning expired or contaminated goods sale broke out at the local kirana store at 23:11.,EVT000020_001 precedes EVT000020_002,REL_ANN_001,REV766
REL000021,NAR000021_EN,EVT000021_001,EVT000021_002,BEFORE,certain,The bystander reported observing a heated argument developing near the apartment around 01:26.,EVT000021_001 precedes EVT000021_002,REL_ANN_001,REV641
REL000022,NAR000022_EN,EVT000022_001,EVT000022_002,BEFORE,probable,"Local emergency response teams arrived on site to manage structural debris and administer medical assistance where relevant, while investigating officers initiated standard vehicle documentation checks within the state jurisdiction..",EVT000022_001 precedes EVT000022_002,REL_ANN_001,REV518
REL000023,NAR000023_EN,EVT000023_001,EVT000023_002,BEFORE,certain,"Emergency services were notified subsequently, initiating a localized investigation into the security vulnerabilities of this particular jurisdiction..",EVT000023_001 precedes EVT000023_002,REL_ANN_001,REV957
REL000024,NAR000024_EN,EVT000024_001,EVT000024_002,BEFORE,probable,"The driver didn't even stop to check if anyone was hurt, they just accelerated away immediately.",EVT000024_001 precedes EVT000024_002,REL_ANN_001,REV139
REL000025,NAR000025_EN,EVT000025_001,EVT000025_002,FOLLOWS,certain,Audit trails have been preserved..,EVT000025_001 precedes EVT000025_002,REL_ANN_001,REV988
REL000026,NAR000026_EN,EVT000026_001,EVT000026_002,BEFORE,certain,anyone nearby please help or tell me where the nearest police booth is asap!!,EVT000026_001 precedes EVT000026_002,REL_ANN_001,REV371
REL000027,NAR000027_EN,EVT000027_001,EVT000027_002,BEFORE,probable,A transactional incident concerning refusal of service refund broke out at the local online platform at 01:01.,EVT000027_001 precedes EVT000027_002,REL_ANN_001,REV246
REL000028,NAR000028_EN,EVT000028_001,EVT000028_002,BEFORE,probable,"So I clicked this link thinking it was an official notification around 16:31 yesterday, and suddenly I was locked out of my account.",EVT000028_001 precedes EVT000028_002,REL_ANN_001,REV323
REL000029,NAR000029_EN,EVT000029_001,EVT000029_002,BEFORE,certain,"Emergency services were notified subsequently, initiating a localized investigation into the security vulnerabilities of this particular jurisdiction..",EVT000029_001 precedes EVT000029_002,REL_ANN_001,REV390
REL000030,NAR000030_EN,EVT000030_001,EVT000030_002,BEFORE,probable,guys please help they are trying to take over the House right now!!,EVT000030_001 precedes EVT000030_002,REL_ANN_001,REV645
REL000031,NAR000031_EN,EVT000031_001,EVT000031_002,BEFORE,probable,Case logged under regional motor vehicle acts..,EVT000031_001 precedes EVT000031_002,REL_ANN_001,REV650
REL000032,NAR000032_EN,EVT000032_001,EVT000032_002,BEFORE,probable,"So I clicked this link thinking it was an official notification around 22:48 yesterday, and suddenly I was locked out of my account.",EVT000032_001 precedes EVT000032_002,REL_ANN_001,REV663
REL000033,NAR000033_EN,EVT000033_001,EVT000033_002,BEFORE,certain,"When I asked the manager to fix it or give my money back, they were super rude and completely brushed me off.",EVT000033_001 precedes EVT000033_002,REL_ANN_001,REV103
REL000034,NAR000034_EN,EVT000034_001,EVT000034_002,BEFORE,probable,just had a huge fight with HR at the Showroom regarding workplace harassment around 07:33 today.,EVT000034_001 precedes EVT000034_002,REL_ANN_001,REV326
REL000035,NAR000035_EN,EVT000035_001,EVT000035_002,BEFORE,probable,"The system administrator observed anomalous traffic originating from unauthorized servers around 15:20, confirming a systemwide phishing scam.",EVT000035_001 precedes EVT000035_002,REL_ANN_001,REV688
REL000036,NAR000036_EN,EVT000036_001,EVT000036_002,FOLLOWS,probable,"The dispute involves contested boundaries and ownership titles, requiring civil or criminal mediation to preserve public order..",EVT000036_001 precedes EVT000036_002,REL_ANN_001,REV800
REL000037,NAR000037_EN,EVT000037_001,EVT000037_002,BEFORE,probable,An incident of cyberstalking compromised security systems across the specified House at 16:59.,EVT000037_001 precedes EVT000037_002,REL_ANN_001,REV560
REL000038,NAR000038_EN,EVT000038_001,EVT000038_002,BEFORE,certain,Property loss reported.,EVT000038_001 precedes EVT000038_002,REL_ANN_001,REV888
REL000039,NAR000039_EN,EVT000039_001,EVT000039_002,FOLLOWS,certain,Property ownership documents have been submitted for verification..,EVT000039_001 precedes EVT000039_002,REL_ANN_001,REV368
REL000040,NAR000040_EN,EVT000040_001,EVT000040_002,FOLLOWS,certain,Corporate payroll and logs have been requested..,EVT000040_001 precedes EVT000040_002,REL_ANN_001,REV613
REL000041,NAR000041_EN,EVT000041_001,EVT000041_002,BEFORE,probable,"unauthorized charges are showing up on multiple profiles, notify your branch manager asap.",EVT000041_001 precedes EVT000041_002,REL_ANN_001,REV709
REL000042,NAR000042_EN,EVT000042_001,EVT000042_002,BEFORE,probable,"I was just minding my own business at the hostel around 08:11, when this aggressive person started shouting at me out of nowhere.",EVT000042_001 precedes EVT000042_002,REL_ANN_001,REV745
REL000043,NAR000043_EN,EVT000043_001,EVT000043_002,BEFORE,probable,"The victim lost valuable items instantly, and the unidentified suspect fled immediately before any bystanders could intervene..",EVT000043_001 precedes EVT000043_002,REL_ANN_001,REV781
REL000044,NAR000044_EN,EVT000044_001,EVT000044_002,BEFORE,probable,guys stay away from the Highway right now!,EVT000044_001 precedes EVT000044_002,REL_ANN_001,REV971
REL000045,NAR000045_EN,EVT000045_001,EVT000045_002,BEFORE,probable,pls help someone is targeting me with domestic dispute right now at the House!!,EVT000045_001 precedes EVT000045_002,REL_ANN_001,REV126
REL000046,NAR000046_EN,EVT000046_001,EVT000046_002,BEFORE,probable,"On the date of 2026-06-27, an advanced threat actor initiated an exploit categorized under social media hacking targeting remote infrastructures at approximately 14:01.",EVT000046_001 precedes EVT000046_002,REL_ANN_001,REV665
REL000047,NAR000047_EN,EVT000047_001,EVT000047_002,BEFORE,certain,"Dear Revenue Officer / Police Commissioner, I am writing to register an urgent complaint regarding a critical instance of boundary wall dispute affecting my House.",EVT000047_001 precedes EVT000047_002,REL_ANN_001,REV961
REL000048,NAR000048_EN,EVT000048_001,EVT000048_002,FOLLOWS,certain,"A customer was contesting a distinct case of defective product delivery, showing clear evidence to the merchant, who continuously refused liability or proper resolution..",EVT000048_001 precedes EVT000048_002,REL_ANN_001,REV259
REL000049,NAR000049_EN,EVT000049_001,EVT000049_002,BEFORE,probable,super sketchy service watch out.,EVT000049_001 precedes EVT000049_002,REL_ANN_001,REV123
REL000050,NAR000050_EN,EVT000050_001,EVT000050_002,BEFORE,certain,anyone nearby please help or tell me where the nearest police booth is asap!!,EVT000050_001 precedes EVT000050_002,REL_ANN_001,REV111
REL000051,NAR000051_EN,EVT000051_001,EVT000051_002,BEFORE,probable,An employment dispute involving breach of employment contract escalated at the online platform at 02:40.,EVT000051_001 precedes EVT000051_002,REL_ANN_001,REV364
REL000052,NAR000052_EN,EVT000052_001,EVT000052_002,BEFORE,probable,"I've been working at this factory for months, and around 02:15 yesterday, things hit a breaking point with a massive safe working conditions violation.",EVT000052_001 precedes EVT000052_002,REL_ANN_001,REV930
REL000053,NAR000053_EN,EVT000053_001,EVT000053_002,BEFORE,probable,"On the date of 2026-07-03, a formal consumer conflict classified as defective product delivery manifested during a commercial interaction at the designated house around 01:19.",EVT000053_001 precedes EVT000053_002,REL_ANN_001,REV931
REL000054,NAR000054_EN,EVT000054_001,EVT000054_002,BEFORE,probable,"The victim lost valuable items instantly, and the unidentified suspect fled immediately before any bystanders could intervene..",EVT000054_001 precedes EVT000054_002,REL_ANN_001,REV193
REL000055,NAR000055_EN,EVT000055_001,EVT000055_002,BEFORE,probable,guys stay away from the Parking lot right now!,EVT000055_001 precedes EVT000055_002,REL_ANN_001,REV901
REL000056,NAR000056_EN,EVT000056_001,EVT000056_002,FOLLOWS,certain,The internal auditor observed highly irregular transaction entries passing through the workplace around 07:50.,EVT000056_001 precedes EVT000056_002,REL_ANN_001,REV227
REL000057,NAR000057_EN,EVT000057_001,EVT000057_002,BEFORE,certain,The neighbor reported hearing intense shouting and objects breaking from the adjacent apartment around 16:24.,EVT000057_001 precedes EVT000057_002,REL_ANN_001,REV715
REL000058,NAR000058_EN,EVT000058_001,EVT000058_002,BEFORE,probable,hey guys warning someone hacked my account via phishing scam just now around 20:02!!,EVT000058_001 precedes EVT000058_002,REL_ANN_001,REV583
REL000059,NAR000059_EN,EVT000059_001,EVT000059_002,BEFORE,probable,hey guys warning someone hacked my account via identity theft just now around 15:03!!,EVT000059_001 precedes EVT000059_002,REL_ANN_001,REV725
REL000060,NAR000060_EN,EVT000060_001,EVT000060_002,BEFORE,probable,An incident of online banking fraud compromised security systems across the specified Mobile app at 12:33.,EVT000060_001 precedes EVT000060_002,REL_ANN_001,REV648
REL000061,NAR000061_EN,EVT000061_001,EVT000061_002,FOLLOWS,certain,"A customer was contesting a distinct case of overcharging and hidden fees, showing clear evidence to the merchant, who continuously refused liability or proper resolution..",EVT000061_001 precedes EVT000061_002,REL_ANN_001,REV830
REL000062,NAR000062_EN,EVT000062_001,EVT000062_002,FOLLOWS,certain,Digital logs preserved for forensic analysis..,EVT000062_001 precedes EVT000062_002,REL_ANN_001,REV305
REL000063,NAR000063_EN,EVT000063_001,EVT000063_002,BEFORE,certain,"Dear Legal Counsel / Mediation Cell, I am writing to formally report a non-compliance issue regarding our ongoing restitution of conjugal rights at the residence.",EVT000063_001 precedes EVT000063_002,REL_ANN_001,REV460
REL000064,NAR000064_EN,EVT000064_001,EVT000064_002,BEFORE,certain,Property loss reported.,EVT000064_001 precedes EVT000064_002,REL_ANN_001,REV922
REL000065,NAR000065_EN,EVT000065_001,EVT000065_002,BEFORE,probable,super sketchy service watch out.,EVT000065_001 precedes EVT000065_002,REL_ANN_001,REV802
REL000066,NAR000066_EN,EVT000066_001,EVT000066_002,BEFORE,probable,"The victim lost valuable items instantly, and the unidentified suspect fled immediately before any bystanders could intervene..",EVT000066_001 precedes EVT000066_002,REL_ANN_001,REV714
REL000067,NAR000067_EN,EVT000067_001,EVT000067_002,BEFORE,probable,"The driver didn't even stop to check if anyone was hurt, they just accelerated away immediately.",EVT000067_001 precedes EVT000067_002,REL_ANN_001,REV127
REL000068,NAR000068_EN,EVT000068_001,EVT000068_002,BEFORE,probable,"The driver didn't even stop to check if anyone was hurt, they just accelerated away immediately.",EVT000068_001 precedes EVT000068_002,REL_ANN_001,REV985
REL000069,NAR000069_EN,EVT000069_001,EVT000069_002,BEFORE,certain,"The vendor reportedly engaged in unfair trade practices, failing to resolve the commercial non-compliance.",EVT000069_001 precedes EVT000069_002,REL_ANN_001,REV401
REL000070,NAR000070_EN,EVT000070_001,EVT000070_002,BEFORE,probable,A family civil dispute categorized as child custody dispute manifested within a private residence at 15:35.,EVT000070_001 precedes EVT000070_002,REL_ANN_001,REV744
REL000071,NAR000071_EN,EVT000071_001,EVT000071_002,BEFORE,probable,Relevant documentation has been requested for family court presentation..,EVT000071_001 precedes EVT000071_002,REL_ANN_001,REV233
REL000072,NAR000072_EN,EVT000072_001,EVT000072_002,BEFORE,probable,Security personnel were subsequently informed to review the breach of safety within the jurisdiction..,EVT000072_001 precedes EVT000072_002,REL_ANN_001,REV249
REL000073,NAR000073_EN,EVT000073_001,EVT000073_002,BEFORE,probable,guys please help they are trying to take over the Agricultural land right now!!,EVT000073_001 precedes EVT000073_002,REL_ANN_001,REV195
REL000074,NAR000074_EN,EVT000074_001,EVT000074_002,BEFORE,certain,Internal risk assets teams have initiated emergency containment protocols while formal complaints are being forwarded to statutory economic offenses wings within the state jurisdiction..,EVT000074_001 precedes EVT000074_002,REL_ANN_001,REV876
REL000075,NAR000075_EN,EVT000075_001,EVT000075_002,BEFORE,certain,"Several individuals were actively contesting an instance of illegal property possession, with local residents stepping in to prevent physical escalation before authorities were notified..",EVT000075_001 precedes EVT000075_002,REL_ANN_001,REV851
REL000076,NAR000076_EN,EVT000076_001,EVT000076_002,BEFORE,probable,"So I was just standing at the marketplace around 12:35 yesterday, checking my phone, when this guy suddenly rushed past me and grabbed my belongings out of nowhere!",EVT000076_001 precedes EVT000076_002,REL_ANN_001,REV233
REL000077,NAR000077_EN,EVT000077_001,EVT000077_002,BEFORE,probable,"So I was waiting at the apartment around 13:34 today for my scheduled meeting, when my ex turned up and started an absolute argument over our guardianship dispute.",EVT000077_001 precedes EVT000077_002,REL_ANN_001,REV536
REL000078,NAR000078_EN,EVT000078_001,EVT000078_002,BEFORE,probable,please call someone or come over i am hiding in the washroom right now text me back please.,EVT000078_001 precedes EVT000078_002,REL_ANN_001,REV693
REL000079,NAR000079_EN,EVT000079_001,EVT000079_002,BEFORE,probable,"Shortly after, they approached the victim from behind, forcefully committed chain snatching, and fled the scene on a two-wheeler heading north..",EVT000079_001 precedes EVT000079_002,REL_ANN_001,REV368
REL000080,NAR000080_EN,EVT000080_001,EVT000080_002,FOLLOWS,probable,"The dispute involves contested boundaries and ownership titles, requiring civil or criminal mediation to preserve public order..",EVT000080_001 precedes EVT000080_002,REL_ANN_001,REV637
REL000081,NAR000081_EN,EVT000081_001,EVT000081_002,BEFORE,probable,"Dear Human Resources and Labor Commissioner, I am writing to formally lodge a grievance regarding the ongoing pattern of breach of employment contract within the Online platform.",EVT000081_001 precedes EVT000081_002,REL_ANN_001,REV188
REL000082,NAR000082_EN,EVT000082_001,EVT000082_002,BEFORE,probable,"On the afternoon of 2026-06-28, a long-standing land friction culminated in an explicit case of tenant-landlord conflict at the designated house around 23:37 hours.",EVT000082_001 precedes EVT000082_002,REL_ANN_001,REV401
REL000083,NAR000083_EN,EVT000083_001,EVT000083_002,BEFORE,probable,guys stay away from the Alleyway right now!,EVT000083_001 precedes EVT000083_002,REL_ANN_001,REV511
REL000084,NAR000084_EN,EVT000084_001,EVT000084_002,BEFORE,probable,"On the date of 2026-07-03, a formal consumer conflict classified as false advertising and misrepresentation manifested during a commercial interaction at the designated showroom around 01:34.",EVT000084_001 precedes EVT000084_002,REL_ANN_001,REV991
REL000085,NAR000085_EN,EVT000085_001,EVT000085_002,FOLLOWS,certain,Audit trails have been preserved..,EVT000085_001 precedes EVT000085_002,REL_ANN_001,REV355
REL000086,NAR000086_EN,EVT000086_001,EVT000086_002,BEFORE,probable,"Dear Management, I am writing to formally log a grievance regarding a distressing incident of physical altercation that occurred today at approximately 11:34 within the Road.",EVT000086_001 precedes EVT000086_002,REL_ANN_001,REV538
REL000087,NAR000087_EN,EVT000087_001,EVT000087_002,FOLLOWS,certain,Digital logs preserved for forensic analysis..,EVT000087_001 precedes EVT000087_002,REL_ANN_001,REV470
REL000088,NAR000088_EN,EVT000088_001,EVT000088_002,BEFORE,certain,"Dear Protection Officer, I am writing to formally report an escalating pattern of domestic violence, specifically intimate partner violence, at my residence.",EVT000088_001 precedes EVT000088_002,REL_ANN_001,REV703
REL000089,NAR000089_EN,EVT000089_001,EVT000089_002,FOLLOWS,certain,The internal auditor observed highly irregular transaction entries passing through the office around 06:20.,EVT000089_001 precedes EVT000089_002,REL_ANN_001,REV328
REL000090,NAR000090_EN,EVT000090_001,EVT000090_002,BEFORE,probable,please call someone or come over i am hiding in the washroom right now text me back please.,EVT000090_001 precedes EVT000090_002,REL_ANN_001,REV804
REL000091,NAR000091_EN,EVT000091_001,EVT000091_002,BEFORE,probable,Intervention was requested by the victim's family members..,EVT000091_001 precedes EVT000091_002,REL_ANN_001,REV820
REL000092,NAR000092_EN,EVT000092_001,EVT000092_002,BEFORE,certain,anyone nearby please help or tell me where the nearest police booth is asap!!,EVT000092_001 precedes EVT000092_002,REL_ANN_001,REV764
REL000093,NAR000093_EN,EVT000093_001,EVT000093_002,BEFORE,certain,"The vendor reportedly engaged in unfair trade practices, failing to resolve the commercial non-compliance.",EVT000093_001 precedes EVT000093_002,REL_ANN_001,REV458
REL000094,NAR000094_EN,EVT000094_001,EVT000094_002,BEFORE,probable,"hey guys, my ex just blocked me from seeing the kids / resolving the divorce proceedings conflict at the Apartment around 09:43 today.",EVT000094_001 precedes EVT000094_002,REL_ANN_001,REV285
REL000095,NAR000095_EN,EVT000095_001,EVT000095_002,BEFORE,probable,An employment dispute involving breach of employment contract escalated at the online platform at 22:26.,EVT000095_001 precedes EVT000095_002,REL_ANN_001,REV260
REL000096,NAR000096_EN,EVT000096_001,EVT000096_002,BEFORE,probable,An employment dispute involving safe working conditions violation escalated at the construction site at 11:39.,EVT000096_001 precedes EVT000096_002,REL_ANN_001,REV537
REL000097,NAR000097_EN,EVT000097_001,EVT000097_002,BEFORE,probable,Intervention was requested by the victim's family members..,EVT000097_001 precedes EVT000097_002,REL_ANN_001,REV620
REL000098,NAR000098_EN,EVT000098_001,EVT000098_002,BEFORE,probable,"Dear Management, I am writing to formally log a grievance regarding a distressing incident of physical altercation that occurred today at approximately 00:18 within the Hostel.",EVT000098_001 precedes EVT000098_002,REL_ANN_001,REV574
REL000099,NAR000099_EN,EVT000099_001,EVT000099_002,BEFORE,probable,"Dear Municipal Authorities, I am writing to formally log a civic grievance regarding the ongoing pattern of minor civic infrastructure issue at the Alleyway.",EVT000099_001 precedes EVT000099_002,REL_ANN_001,REV273
REL000100,NAR000100_EN,EVT000100_001,EVT000100_002,FOLLOWS,certain,"A customer was contesting a distinct case of refusal of service refund, showing clear evidence to the merchant, who continuously refused liability or proper resolution..",EVT000100_001 precedes EVT000100_002,REL_ANN_001,REV961
REL000101,NAR000101_EN,EVT000101_001,EVT000101_002,BEFORE,certain,I want to report an incident.,EVT000101_001 precedes EVT000101_002,REL_ANN_001,REV198
REL000102,NAR000102_EN,EVT000102_001,EVT000102_002,BEFORE,certain,I want to report an incident.,EVT000102_001 precedes EVT000102_002,REL_ANN_001,REV934
REL000103,NAR000103_EN,EVT000103_001,EVT000103_002,BEFORE,certain,I want to report an incident.,EVT000103_001 precedes EVT000103_002,REL_ANN_001,REV599
REL000104,NAR000104_EN,EVT000104_001,EVT000104_002,BEFORE,certain,I want to report an incident.,EVT000104_001 precedes EVT000104_002,REL_ANN_001,REV956
REL000105,NAR000105_EN,EVT000105_001,EVT000105_002,BEFORE,certain,I want to report an incident.,EVT000105_001 precedes EVT000105_002,REL_ANN_001,REV264
REL000106,NAR000106_EN,EVT000106_001,EVT000106_002,BEFORE,certain,I want to report an incident.,EVT000106_001 precedes EVT000106_002,REL_ANN_001,REV536
REL000107,NAR000107_EN,EVT000107_001,EVT000107_002,BEFORE,certain,I want to report an incident.,EVT000107_001 precedes EVT000107_002,REL_ANN_001,REV571
REL000108,NAR000108_EN,EVT000108_001,EVT000108_002,BEFORE,certain,I want to report an incident.,EVT000108_001 precedes EVT000108_002,REL_ANN_001,REV568
REL000109,NAR000109_EN,EVT000109_001,EVT000109_002,BEFORE,certain,I want to report an incident.,EVT000109_001 precedes EVT000109_002,REL_ANN_001,REV645
REL000110,NAR000110_EN,EVT000110_001,EVT000110_002,BEFORE,certain,I want to report an incident.,EVT000110_001 precedes EVT000110_002,REL_ANN_001,REV550
REL000111,NAR000111_EN,EVT000111_001,EVT000111_002,BEFORE,certain,I want to report an incident.,EVT000111_001 precedes EVT000111_002,REL_ANN_001,REV155
REL000112,NAR000112_EN,EVT000112_001,EVT000112_002,BEFORE,certain,I want to report an incident.,EVT000112_001 precedes EVT000112_002,REL_ANN_001,REV999
REL000113,NAR000113_EN,EVT000113_001,EVT000113_002,BEFORE,certain,I want to report an incident.,EVT000113_001 precedes EVT000113_002,REL_ANN_001,REV580
REL000114,NAR000114_EN,EVT000114_001,EVT000114_002,BEFORE,certain,I want to report an incident.,EVT000114_001 precedes EVT000114_002,REL_ANN_001,REV571
REL000115,NAR000115_EN,EVT000115_001,EVT000115_002,BEFORE,certain,I want to report an incident.,EVT000115_001 precedes EVT000115_002,REL_ANN_001,REV665
REL000116,NAR000116_EN,EVT000116_001,EVT000116_002,BEFORE,certain,I want to report an incident.,EVT000116_001 precedes EVT000116_002,REL_ANN_001,REV367
REL000117,NAR000117_EN,EVT000117_001,EVT000117_002,BEFORE,certain,I want to report an incident.,EVT000117_001 precedes EVT000117_002,REL_ANN_001,REV903
REL000118,NAR000118_EN,EVT000118_001,EVT000118_002,BEFORE,certain,I want to report an incident.,EVT000118_001 precedes EVT000118_002,REL_ANN_001,REV455
REL000119,NAR000119_EN,EVT000119_001,EVT000119_002,BEFORE,certain,I want to report an incident.,EVT000119_001 precedes EVT000119_002,REL_ANN_001,REV523
REL000120,NAR000120_EN,EVT000120_001,EVT000120_002,BEFORE,certain,I want to report an incident.,EVT000120_001 precedes EVT000120_002,REL_ANN_001,REV291
REL000121,NAR000121_EN,EVT000121_001,EVT000121_002,BEFORE,certain,I want to report an incident.,EVT000121_001 precedes EVT000121_002,REL_ANN_001,REV158
REL000122,NAR000122_EN,EVT000122_001,EVT000122_002,BEFORE,certain,I want to report an incident.,EVT000122_001 precedes EVT000122_002,REL_ANN_001,REV984
REL000123,NAR000123_EN,EVT000123_001,EVT000123_002,BEFORE,certain,I want to report an incident.,EVT000123_001 precedes EVT000123_002,REL_ANN_001,REV916
REL000124,NAR000124_EN,EVT000124_001,EVT000124_002,BEFORE,certain,I want to report an incident.,EVT000124_001 precedes EVT000124_002,REL_ANN_001,REV148
REL000125,NAR000125_EN,EVT000125_001,EVT000125_002,BEFORE,certain,I want to report an incident.,EVT000125_001 precedes EVT000125_002,REL_ANN_001,REV468
REL000126,NAR000126_EN,EVT000126_001,EVT000126_002,BEFORE,certain,I want to report an incident.,EVT000126_001 precedes EVT000126_002,REL_ANN_001,REV309
REL000127,NAR000127_EN,EVT000127_001,EVT000127_002,CAUSES,certain,The collision or blockage led to structural vehicular property damage and caused a severe traffic bottleneck requiring immediate clearing.,EVT000127_001 causes EVT000127_002,REL_ANN_001,REV413
REL000128,NAR000128_EN,EVT000128_001,EVT000128_002,BEFORE,certain,I want to report an incident.,EVT000128_001 precedes EVT000128_002,REL_ANN_001,REV747
REL000129,NAR000129_EN,EVT000129_001,EVT000129_002,CAUSES,certain,The collision or blockage led to structural vehicular property damage and caused a severe traffic bottleneck requiring immediate clearing.,EVT000129_001 causes EVT000129_002,REL_ANN_001,REV353
REL000130,NAR000130_EN,EVT000130_001,EVT000130_002,BEFORE,certain,I want to report an incident.,EVT000130_001 precedes EVT000130_002,REL_ANN_001,REV933
REL000131,NAR000131_EN,EVT000131_001,EVT000131_002,BEFORE,certain,I want to report an incident.,EVT000131_001 precedes EVT000131_002,REL_ANN_001,REV152
REL000132,NAR000132_EN,EVT000132_001,EVT000132_002,BEFORE,certain,I want to report an incident.,EVT000132_001 precedes EVT000132_002,REL_ANN_001,REV103
REL000133,NAR000133_EN,EVT000133_001,EVT000133_002,BEFORE,certain,I want to report an incident.,EVT000133_001 precedes EVT000133_002,REL_ANN_001,REV477
REL000134,NAR000134_EN,EVT000134_001,EVT000134_002,BEFORE,certain,I want to report an incident.,EVT000134_001 precedes EVT000134_002,REL_ANN_001,REV908
REL000135,NAR000135_EN,EVT000135_001,EVT000135_002,BEFORE,certain,I want to report an incident.,EVT000135_001 precedes EVT000135_002,REL_ANN_001,REV173
REL000136,NAR000136_EN,EVT000136_001,EVT000136_002,BEFORE,certain,I want to report an incident.,EVT000136_001 precedes EVT000136_002,REL_ANN_001,REV117
REL000137,NAR000137_EN,EVT000137_001,EVT000137_002,BEFORE,certain,I want to report an incident.,EVT000137_001 precedes EVT000137_002,REL_ANN_001,REV365
REL000138,NAR000138_EN,EVT000138_001,EVT000138_002,BEFORE,certain,I want to report an incident.,EVT000138_001 precedes EVT000138_002,REL_ANN_001,REV832
REL000139,NAR000139_EN,EVT000139_001,EVT000139_002,BEFORE,certain,I want to report an incident.,EVT000139_001 precedes EVT000139_002,REL_ANN_001,REV218
REL000140,NAR000140_EN,EVT000140_001,EVT000140_002,BEFORE,certain,I want to report an incident.,EVT000140_001 precedes EVT000140_002,REL_ANN_001,REV569
REL000141,NAR000141_EN,EVT000141_001,EVT000141_002,BEFORE,certain,I want to report an incident.,EVT000141_001 precedes EVT000141_002,REL_ANN_001,REV688
REL000142,NAR000142_EN,EVT000142_001,EVT000142_002,BEFORE,certain,I want to report an incident.,EVT000142_001 precedes EVT000142_002,REL_ANN_001,REV616
REL000143,NAR000143_EN,EVT000143_001,EVT000143_002,BEFORE,certain,I want to report an incident.,EVT000143_001 precedes EVT000143_002,REL_ANN_001,REV136
REL000144,NAR000144_EN,EVT000144_001,EVT000144_002,BEFORE,certain,I want to report an incident.,EVT000144_001 precedes EVT000144_002,REL_ANN_001,REV888
REL000145,NAR000145_EN,EVT000145_001,EVT000145_002,BEFORE,certain,I want to report an incident.,EVT000145_001 precedes EVT000145_002,REL_ANN_001,REV793
REL000146,NAR000146_EN,EVT000146_001,EVT000146_002,BEFORE,certain,I want to report an incident.,EVT000146_001 precedes EVT000146_002,REL_ANN_001,REV161
REL000147,NAR000147_EN,EVT000147_001,EVT000147_002,BEFORE,certain,I want to report an incident.,EVT000147_001 precedes EVT000147_002,REL_ANN_001,REV438
REL000148,NAR000148_EN,EVT000148_001,EVT000148_002,BEFORE,certain,I want to report an incident.,EVT000148_001 precedes EVT000148_002,REL_ANN_001,REV978
REL000149,NAR000149_EN,EVT000149_001,EVT000149_002,BEFORE,certain,I want to report an incident.,EVT000149_001 precedes EVT000149_002,REL_ANN_001,REV916
REL000150,NAR000150_EN,EVT000150_001,EVT000150_002,CAUSES,certain,The collision or blockage led to structural vehicular property damage and caused a severe traffic bottleneck requiring immediate clearing.,EVT000150_001 causes EVT000150_002,REL_ANN_001,REV903
REL000151,NAR000151_EN,EVT000151_001,EVT000151_002,BEFORE,certain,I want to report an incident.,EVT000151_001 precedes EVT000151_002,REL_ANN_001,REV555
REL000152,NAR000152_EN,EVT000152_001,EVT000152_002,BEFORE,certain,I want to report an incident.,EVT000152_001 precedes EVT000152_002,REL_ANN_001,REV232
REL000153,NAR000153_EN,EVT000153_001,EVT000153_002,BEFORE,certain,I want to report an incident.,EVT000153_001 precedes EVT000153_002,REL_ANN_001,REV533
REL000154,NAR000154_EN,EVT000154_001,EVT000154_002,BEFORE,certain,I want to report an incident.,EVT000154_001 precedes EVT000154_002,REL_ANN_001,REV676
REL000155,NAR000155_EN,EVT000155_001,EVT000155_002,BEFORE,certain,I want to report an incident.,EVT000155_001 precedes EVT000155_002,REL_ANN_001,REV950
REL000156,NAR000156_EN,EVT000156_001,EVT000156_002,BEFORE,certain,I want to report an incident.,EVT000156_001 precedes EVT000156_002,REL_ANN_001,REV494
REL000157,NAR000157_EN,EVT000157_001,EVT000157_002,BEFORE,certain,I want to report an incident.,EVT000157_001 precedes EVT000157_002,REL_ANN_001,REV911
REL000158,NAR000158_EN,EVT000158_001,EVT000158_002,BEFORE,certain,I want to report an incident.,EVT000158_001 precedes EVT000158_002,REL_ANN_001,REV868
REL000159,NAR000159_EN,EVT000159_001,EVT000159_002,BEFORE,certain,I want to report an incident.,EVT000159_001 precedes EVT000159_002,REL_ANN_001,REV565
REL000160,NAR000160_EN,EVT000160_001,EVT000160_002,BEFORE,certain,I want to report an incident.,EVT000160_001 precedes EVT000160_002,REL_ANN_001,REV406
REL000161,NAR000161_EN,EVT000161_001,EVT000161_002,BEFORE,certain,I want to report an incident.,EVT000161_001 precedes EVT000161_002,REL_ANN_001,REV935
REL000162,NAR000162_EN,EVT000162_001,EVT000162_002,BEFORE,certain,I want to report an incident.,EVT000162_001 precedes EVT000162_002,REL_ANN_001,REV874
REL000163,NAR000163_EN,EVT000163_001,EVT000163_002,BEFORE,certain,I want to report an incident.,EVT000163_001 precedes EVT000163_002,REL_ANN_001,REV362
REL000164,NAR000164_EN,EVT000164_001,EVT000164_002,BEFORE,certain,I want to report an incident.,EVT000164_001 precedes EVT000164_002,REL_ANN_001,REV214
REL000165,NAR000165_EN,EVT000165_001,EVT000165_002,BEFORE,certain,I want to report an incident.,EVT000165_001 precedes EVT000165_002,REL_ANN_001,REV547
REL000166,NAR000166_EN,EVT000166_001,EVT000166_002,BEFORE,certain,I want to report an incident.,EVT000166_001 precedes EVT000166_002,REL_ANN_001,REV678
REL000167,NAR000167_EN,EVT000167_001,EVT000167_002,BEFORE,certain,I want to report an incident.,EVT000167_001 precedes EVT000167_002,REL_ANN_001,REV408
REL000168,NAR000168_EN,EVT000168_001,EVT000168_002,BEFORE,certain,I want to report an incident.,EVT000168_001 precedes EVT000168_002,REL_ANN_001,REV738
REL000169,NAR000169_EN,EVT000169_001,EVT000169_002,BEFORE,certain,I want to report an incident.,EVT000169_001 precedes EVT000169_002,REL_ANN_001,REV523
REL000170,NAR000170_EN,EVT000170_001,EVT000170_002,BEFORE,certain,I want to report an incident.,EVT000170_001 precedes EVT000170_002,REL_ANN_001,REV654
REL000171,NAR000171_EN,EVT000171_001,EVT000171_002,BEFORE,certain,I want to report an incident.,EVT000171_001 precedes EVT000171_002,REL_ANN_001,REV485
REL000172,NAR000172_EN,EVT000172_001,EVT000172_002,BEFORE,certain,I want to report an incident.,EVT000172_001 precedes EVT000172_002,REL_ANN_001,REV454
REL000173,NAR000173_EN,EVT000173_001,EVT000173_002,BEFORE,certain,I want to report an incident.,EVT000173_001 precedes EVT000173_002,REL_ANN_001,REV499
REL000174,NAR000174_EN,EVT000174_001,EVT000174_002,BEFORE,certain,I want to report an incident.,EVT000174_001 precedes EVT000174_002,REL_ANN_001,REV187
REL000175,NAR000175_EN,EVT000175_001,EVT000175_002,BEFORE,certain,I want to report an incident.,EVT000175_001 precedes EVT000175_002,REL_ANN_001,REV205
REL000176,NAR000176_EN,EVT000176_001,EVT000176_002,BEFORE,certain,I want to report an incident.,EVT000176_001 precedes EVT000176_002,REL_ANN_001,REV330
REL000177,NAR000177_EN,EVT000177_001,EVT000177_002,BEFORE,certain,I want to report an incident.,EVT000177_001 precedes EVT000177_002,REL_ANN_001,REV237
REL000178,NAR000178_EN,EVT000178_001,EVT000178_002,BEFORE,certain,I want to report an incident.,EVT000178_001 precedes EVT000178_002,REL_ANN_001,REV954
REL000179,NAR000179_EN,EVT000179_001,EVT000179_002,BEFORE,certain,I want to report an incident.,EVT000179_001 precedes EVT000179_002,REL_ANN_001,REV750
REL000180,NAR000180_EN,EVT000180_001,EVT000180_002,BEFORE,certain,I want to report an incident.,EVT000180_001 precedes EVT000180_002,REL_ANN_001,REV261
REL000181,NAR000181_EN,EVT000181_001,EVT000181_002,BEFORE,certain,I want to report an incident.,EVT000181_001 precedes EVT000181_002,REL_ANN_001,REV598
REL000182,NAR000182_EN,EVT000182_001,EVT000182_002,BEFORE,certain,I want to report an incident.,EVT000182_001 precedes EVT000182_002,REL_ANN_001,REV209
REL000183,NAR000183_EN,EVT000183_001,EVT000183_002,BEFORE,certain,I want to report an incident.,EVT000183_001 precedes EVT000183_002,REL_ANN_001,REV678
REL000184,NAR000184_EN,EVT000184_001,EVT000184_002,BEFORE,certain,I want to report an incident.,EVT000184_001 precedes EVT000184_002,REL_ANN_001,REV398
REL000185,NAR000185_EN,EVT000185_001,EVT000185_002,BEFORE,certain,I want to report an incident.,EVT000185_001 precedes EVT000185_002,REL_ANN_001,REV667
REL000186,NAR000186_EN,EVT000186_001,EVT000186_002,BEFORE,certain,I want to report an incident.,EVT000186_001 precedes EVT000186_002,REL_ANN_001,REV945
REL000187,NAR000187_EN,EVT000187_001,EVT000187_002,BEFORE,certain,I want to report an incident.,EVT000187_001 precedes EVT000187_002,REL_ANN_001,REV475
REL000188,NAR000188_EN,EVT000188_001,EVT000188_002,BEFORE,certain,I want to report an incident.,EVT000188_001 precedes EVT000188_002,REL_ANN_001,REV180
REL000189,NAR000189_EN,EVT000189_001,EVT000189_002,BEFORE,certain,I want to report an incident.,EVT000189_001 precedes EVT000189_002,REL_ANN_001,REV319
REL000190,NAR000190_EN,EVT000190_001,EVT000190_002,BEFORE,certain,I want to report an incident.,EVT000190_001 precedes EVT000190_002,REL_ANN_001,REV257
REL000191,NAR000191_EN,EVT000191_001,EVT000191_002,BEFORE,certain,I want to report an incident.,EVT000191_001 precedes EVT000191_002,REL_ANN_001,REV689
REL000192,NAR000192_EN,EVT000192_001,EVT000192_002,BEFORE,certain,I want to report an incident.,EVT000192_001 precedes EVT000192_002,REL_ANN_001,REV378
REL000193,NAR000193_EN,EVT000193_001,EVT000193_002,BEFORE,certain,I want to report an incident.,EVT000193_001 precedes EVT000193_002,REL_ANN_001,REV382
REL000194,NAR000194_EN,EVT000194_001,EVT000194_002,BEFORE,certain,I want to report an incident.,EVT000194_001 precedes EVT000194_002,REL_ANN_001,REV868
REL000195,NAR000195_EN,EVT000195_001,EVT000195_002,BEFORE,certain,I want to report an incident.,EVT000195_001 precedes EVT000195_002,REL_ANN_001,REV203
REL000196,NAR000196_EN,EVT000196_001,EVT000196_002,BEFORE,certain,I want to report an incident.,EVT000196_001 precedes EVT000196_002,REL_ANN_001,REV335
REL000197,NAR000197_EN,EVT000197_001,EVT000197_002,BEFORE,certain,I want to report an incident.,EVT000197_001 precedes EVT000197_002,REL_ANN_001,REV791
REL000198,NAR000198_EN,EVT000198_001,EVT000198_002,BEFORE,certain,I want to report an incident.,EVT000198_001 precedes EVT000198_002,REL_ANN_001,REV953
REL000199,NAR000199_EN,EVT000199_001,EVT000199_002,BEFORE,certain,I want to report an incident.,EVT000199_001 precedes EVT000199_002,REL_ANN_001,REV297
REL000200,NAR000200_EN,EVT000200_001,EVT000200_002,BEFORE,certain,I want to report an incident.,EVT000200_001 precedes EVT000200_002,REL_ANN_001,REV640
REL000201,NAR000201_EN,EVT000201_001,EVT000201_002,BEFORE,certain,"Dear Cyber Crime Portal, I am writing to register an official cybercrime incident regarding identity theft that targets my system.",EVT000201_001 precedes EVT000201_002,REL_ANN_001,REV599
REL000202,NAR000202_EN,EVT000202_001,EVT000202_002,BEFORE,probable,"When I confronted them about this blatant land encroachment, they straight up threatened me and refused to move back.",EVT000202_001 precedes EVT000202_002,REL_ANN_001,REV663
REL000203,NAR000203_EN,EVT000203_001,EVT000203_002,BEFORE,probable,guys please help they are trying to take over the Plot right now!!,EVT000203_001 precedes EVT000203_002,REL_ANN_001,REV160
REL000204,NAR000204_EN,EVT000204_001,EVT000204_002,BEFORE,probable,"The system administrator observed anomalous traffic originating from unauthorized servers around 07:12, confirming a systemwide cyberstalking.",EVT000204_001 precedes EVT000204_002,REL_ANN_001,REV742
REL000205,NAR000205_EN,EVT000205_001,EVT000205_002,BEFORE,probable,"So I was waiting at the apartment around 12:20 today for my scheduled meeting, when my ex turned up and started an absolute argument over our child custody dispute.",EVT000205_001 precedes EVT000205_002,REL_ANN_001,REV456
REL000206,NAR000206_EN,EVT000206_001,EVT000206_002,BEFORE,certain,The conflict reportedly originated from long-standing domestic pressures and rapidly intensified into aggressive behavior around 17:57.,EVT000206_001 precedes EVT000206_002,REL_ANN_001,REV684
REL000207,NAR000207_EN,EVT000207_001,EVT000207_002,FOLLOWS,certain,Corporate payroll and logs have been requested..,EVT000207_001 precedes EVT000207_002,REL_ANN_001,REV236
REL000208,NAR000208_EN,EVT000208_001,EVT000208_002,BEFORE,probable,Relevant documentation has been requested for family court presentation..,EVT000208_001 precedes EVT000208_002,REL_ANN_001,REV971
REL000209,NAR000209_EN,EVT000209_001,EVT000209_002,BEFORE,probable,The observer witnessed an intense disagreement between the management and an employee inside the workplace around 23:44.,EVT000209_001 precedes EVT000209_002,REL_ANN_001,REV458
REL000210,NAR000210_EN,EVT000210_001,EVT000210_002,BEFORE,certain,"Several individuals were actively contesting an instance of land encroachment, with local residents stepping in to prevent physical escalation before authorities were notified..",EVT000210_001 precedes EVT000210_002,REL_ANN_001,REV223
REL000211,NAR000211_EN,EVT000211_001,EVT000211_002,BEFORE,probable,"So I was just standing at the bank around 23:33 yesterday, checking my phone, when this guy suddenly rushed past me and grabbed my belongings out of nowhere!",EVT000211_001 precedes EVT000211_002,REL_ANN_001,REV324
REL000212,NAR000212_EN,EVT000212_001,EVT000212_002,BEFORE,probable,"Shortly after, they approached the victim from behind, forcefully committed shopbreaking, and fled the scene on a two-wheeler heading north..",EVT000212_001 precedes EVT000212_002,REL_ANN_001,REV535
REL000213,NAR000213_EN,EVT000213_001,EVT000213_002,BEFORE,certain,Property loss reported.,EVT000213_001 precedes EVT000213_002,REL_ANN_001,REV630
REL000214,NAR000214_EN,EVT000214_001,EVT000214_002,BEFORE,probable,A transactional incident concerning refusal of service refund broke out at the local online platform at 01:13.,EVT000214_001 precedes EVT000214_002,REL_ANN_001,REV224
REL000215,NAR000215_EN,EVT000215_001,EVT000215_002,BEFORE,probable,please call someone or come over i am hiding in the washroom right now text me back please.,EVT000215_001 precedes EVT000215_002,REL_ANN_001,REV950
REL000216,NAR000216_EN,EVT000216_001,EVT000216_002,FOLLOWS,certain,Digital logs preserved for forensic analysis..,EVT000216_001 precedes EVT000216_002,REL_ANN_001,REV913
REL000217,NAR000217_EN,EVT000217_001,EVT000217_002,BEFORE,probable,"On the date of 2026-06-29, a major civil friction classified under child custody dispute escalated during a familial meeting at the designated house at approximately 22:48 hours.",EVT000217_001 precedes EVT000217_002,REL_ANN_001,REV643
REL000218,NAR000218_EN,EVT000218_001,EVT000218_002,BEFORE,probable,Medical examination conducted where applicable..,EVT000218_001 precedes EVT000218_002,REL_ANN_001,REV684
REL000219,NAR000219_EN,EVT000219_001,EVT000219_002,BEFORE,certain,"Emergency services were notified subsequently, initiating a localized investigation into the security vulnerabilities of this particular jurisdiction..",EVT000219_001 precedes EVT000219_002,REL_ANN_001,REV349
REL000220,NAR000220_EN,EVT000220_001,EVT000220_002,BEFORE,probable,An incident involving sudden verbal intimidation broke out at the residential street around 20:57.,EVT000220_001 precedes EVT000220_002,REL_ANN_001,REV590
REL000221,NAR000221_EN,EVT000221_001,EVT000221_002,BEFORE,probable,hey guys warning someone hacked my account via ransomware attack just now around 15:19!!,EVT000221_001 precedes EVT000221_002,REL_ANN_001,REV917
REL000222,NAR000222_EN,EVT000222_001,EVT000222_002,BEFORE,probable,guys please help they are trying to take over the Shop right now!!,EVT000222_001 precedes EVT000222_002,REL_ANN_001,REV569
REL000223,NAR000223_EN,EVT000223_001,EVT000223_002,BEFORE,probable,Medical examination conducted where applicable..,EVT000223_001 precedes EVT000223_002,REL_ANN_001,REV817
REL000224,NAR000224_EN,EVT000224_001,EVT000224_002,BEFORE,certain,"Dear Legal Counsel / Mediation Cell, I am writing to formally report a non-compliance issue regarding our ongoing restitution of conjugal rights at the residence.",EVT000224_001 precedes EVT000224_002,REL_ANN_001,REV806
REL000225,NAR000225_EN,EVT000225_001,EVT000225_002,BEFORE,certain,"Dear Legal Counsel / Mediation Cell, I am writing to formally report a non-compliance issue regarding our ongoing divorce proceedings conflict at the residence.",EVT000225_001 precedes EVT000225_002,REL_ANN_001,REV773
REL000226,NAR000226_EN,EVT000226_001,EVT000226_002,BEFORE,certain,"Several individuals were actively contesting an instance of boundary wall dispute, with local residents stepping in to prevent physical escalation before authorities were notified..",EVT000226_001 precedes EVT000226_002,REL_ANN_001,REV112
REL000227,NAR000227_EN,EVT000227_001,EVT000227_002,BEFORE,certain,"Dear Legal Counsel / Mediation Cell, I am writing to formally report a non-compliance issue regarding our ongoing restitution of conjugal rights at the residence.",EVT000227_001 precedes EVT000227_002,REL_ANN_001,REV143
REL000228,NAR000228_EN,EVT000228_001,EVT000228_002,BEFORE,probable,"On the date of 2026-07-09, a major civil friction classified under guardianship dispute escalated during a familial meeting at the designated apartment at approximately 01:47 hours.",EVT000228_001 precedes EVT000228_002,REL_ANN_001,REV287
REL000229,NAR000229_EN,EVT000229_001,EVT000229_002,BEFORE,probable,Medical examination conducted where applicable..,EVT000229_001 precedes EVT000229_002,REL_ANN_001,REV475
REL000230,NAR000230_EN,EVT000230_001,EVT000230_002,BEFORE,probable,"Dear Nodal Officer / Bank Authority, I am writing to formally log an emergency grievance regarding an severe case of insurance claim fraud executed against my portfolio through the Office.",EVT000230_001 precedes EVT000230_002,REL_ANN_001,REV346
REL000231,NAR000231_EN,EVT000231_001,EVT000231_002,BEFORE,probable,"Dear Management, I am writing to formally log a grievance regarding a distressing incident of online harassment & threats that occurred today at approximately 23:25 within the Social media.",EVT000231_001 precedes EVT000231_002,REL_ANN_001,REV903
REL000232,NAR000232_EN,EVT000232_001,EVT000232_002,BEFORE,probable,"When I confronted them about this blatant tenant-landlord conflict, they straight up threatened me and refused to move back.",EVT000232_001 precedes EVT000232_002,REL_ANN_001,REV790
REL000233,NAR000233_EN,EVT000233_001,EVT000233_002,BEFORE,certain,The conflict reportedly originated from long-standing domestic pressures and rapidly intensified into aggressive behavior around 06:19.,EVT000233_001 precedes EVT000233_002,REL_ANN_001,REV241
REL000234,NAR000234_EN,EVT000234_001,EVT000234_002,BEFORE,certain,anyone nearby please help or tell me where the nearest police booth is asap!!,EVT000234_001 precedes EVT000234_002,REL_ANN_001,REV847
REL000235,NAR000235_EN,EVT000235_001,EVT000235_002,BEFORE,certain,"Dear Authority, I am writing to formally lodge a complaint regarding a armed robbery incident that transpired at the Highway on 2026-06-20.",EVT000235_001 precedes EVT000235_002,REL_ANN_001,REV799
REL000236,NAR000236_EN,EVT000236_001,EVT000236_002,BEFORE,probable,Medical examination conducted where applicable..,EVT000236_001 precedes EVT000236_002,REL_ANN_001,REV576
REL000237,NAR000237_EN,EVT000237_001,EVT000237_002,BEFORE,probable,It completely blocked my path and nobody around seemed to know who to call to get it fixed or sorted out.,EVT000237_001 precedes EVT000237_002,REL_ANN_001,REV123
REL000238,NAR000238_EN,EVT000238_001,EVT000238_002,FOLLOWS,certain,Corporate payroll and logs have been requested..,EVT000238_001 precedes EVT000238_002,REL_ANN_001,REV805
REL000239,NAR000239_EN,EVT000239_001,EVT000239_002,BEFORE,certain,Complainant registers a general municipal or public service notification regarding public nuisance dispute at the location of park.,EVT000239_001 precedes EVT000239_002,REL_ANN_001,REV421
REL000240,NAR000240_EN,EVT000240_001,EVT000240_002,BEFORE,probable,The observer witnessed an intense disagreement between the management and an employee inside the shop around 18:05.,EVT000240_001 precedes EVT000240_002,REL_ANN_001,REV144
REL000241,NAR000241_EN,EVT000241_001,EVT000241_002,BEFORE,certain,"A driver committed a blatant hit and run collision, resulting in an immediate vehicle collision and a heated argument between the affected commuters before police arrived..",EVT000241_001 precedes EVT000241_002,REL_ANN_001,REV115
REL000242,NAR000242_EN,EVT000242_001,EVT000242_002,BEFORE,probable,It completely blocked my path and nobody around seemed to know who to call to get it fixed or sorted out.,EVT000242_001 precedes EVT000242_002,REL_ANN_001,REV934
REL000243,NAR000243_EN,EVT000243_001,EVT000243_002,BEFORE,probable,hey guys warning if u are passing by the Road right now!!,EVT000243_001 precedes EVT000243_002,REL_ANN_001,REV313
REL000244,NAR000244_EN,EVT000244_001,EVT000244_002,BEFORE,probable,"On the date of 2026-07-13, an advanced threat actor initiated an exploit categorized under ransomware attack targeting remote infrastructures at approximately 20:44.",EVT000244_001 precedes EVT000244_002,REL_ANN_001,REV767
REL000245,NAR000245_EN,EVT000245_001,EVT000245_002,BEFORE,probable,"On the date of 2026-06-24, an advanced threat actor initiated an exploit categorized under identity theft targeting remote infrastructures at approximately 15:26.",EVT000245_001 precedes EVT000245_002,REL_ANN_001,REV691
REL000246,NAR000246_EN,EVT000246_001,EVT000246_002,BEFORE,probable,A family civil dispute categorized as alimony and maintenance claim manifested within a private residence at 12:08.,EVT000246_001 precedes EVT000246_002,REL_ANN_001,REV744
REL000247,NAR000247_EN,EVT000247_001,EVT000247_002,BEFORE,certain,"Dear Authority, I am writing to formally lodge a complaint regarding a armed robbery incident that transpired at the Jewelry shop on 2026-07-16.",EVT000247_001 precedes EVT000247_002,REL_ANN_001,REV928
REL000248,NAR000248_EN,EVT000248_001,EVT000248_002,BEFORE,certain,"Dear Revenue Officer / Police Commissioner, I am writing to register an urgent complaint regarding a critical instance of inheritance property claim affecting my House.",EVT000248_001 precedes EVT000248_002,REL_ANN_001,REV278
REL000249,NAR000249_EN,EVT000249_001,EVT000249_002,BEFORE,probable,An incident of online banking fraud compromised security systems across the specified Online platform at 05:17.,EVT000249_001 precedes EVT000249_002,REL_ANN_001,REV181
REL000250,NAR000250_EN,EVT000250_001,EVT000250_002,BEFORE,probable,pls help someone is targeting me with online harassment & threats right now at the Online platform!!,EVT000250_001 precedes EVT000250_002,REL_ANN_001,REV382
REL000251,NAR000251_EN,EVT000251_001,EVT000251_002,BEFORE,certain,"Dear Cyber Crime Portal, I am writing to register an official cybercrime incident regarding phishing scam that targets my system.",EVT000251_001 precedes EVT000251_002,REL_ANN_001,REV358
REL000252,NAR000252_EN,EVT000252_001,EVT000252_002,BEFORE,certain,The bystander reported observing a heated argument developing near the bar/pub around 03:04.,EVT000252_001 precedes EVT000252_002,REL_ANN_001,REV788
REL000253,NAR000253_EN,EVT000253_001,EVT000253_002,BEFORE,certain,"Dear Consumer Forum Support, I am writing to formally register a merchant complaint regarding a severe instance of overcharging and hidden fees that occurred at Shop on 2026-06-27 at 13:47 hours.",EVT000253_001 precedes EVT000253_002,REL_ANN_001,REV985
REL000254,NAR000254_EN,EVT000254_001,EVT000254_002,BEFORE,certain,Property loss reported.,EVT000254_001 precedes EVT000254_002,REL_ANN_001,REV690
REL000255,NAR000255_EN,EVT000255_001,EVT000255_002,BEFORE,probable,"On the date of 2026-06-23, a formal consumer conflict classified as refusal of service refund manifested during a commercial interaction at the designated online platform around 02:12.",EVT000255_001 precedes EVT000255_002,REL_ANN_001,REV587
REL000256,NAR000256_EN,EVT000256_001,EVT000256_002,BEFORE,probable,"I was just minding my own business at the house around 20:58, when this aggressive person started shouting at me out of nowhere.",EVT000256_001 precedes EVT000256_002,REL_ANN_001,REV700
REL000257,NAR000257_EN,EVT000257_001,EVT000257_002,BEFORE,probable,"hey guys, my ex just blocked me from seeing the kids / resolving the guardianship dispute at the Hostel around 10:53 today.",EVT000257_001 precedes EVT000257_002,REL_ANN_001,REV141
REL000258,NAR000258_EN,EVT000258_001,EVT000258_002,BEFORE,probable,It happened again at home around 08:28.,EVT000258_001 precedes EVT000258_002,REL_ANN_001,REV510
REL000259,NAR000259_EN,EVT000259_001,EVT000259_002,BEFORE,probable,pls help someone is targeting me with physical altercation right now at the Bar/Pub!!,EVT000259_001 precedes EVT000259_002,REL_ANN_001,REV279
REL000260,NAR000260_EN,EVT000260_001,EVT000260_002,BEFORE,probable,"The argument was explicitly regarding a severe case of alimony and maintenance claim, with both sides loudly contesting rights before local residents requested calm..",EVT000260_001 precedes EVT000260_002,REL_ANN_001,REV400
REL000261,NAR000261_EN,EVT000261_001,EVT000261_002,BEFORE,probable,"I've been working at this online platform for months, and around 05:00 yesterday, things hit a breaking point with a massive breach of employment contract.",EVT000261_001 precedes EVT000261_002,REL_ANN_001,REV379
REL000262,NAR000262_EN,EVT000262_001,EVT000262_002,BEFORE,probable,"So I was waiting at the apartment around 09:36 today for my scheduled meeting, when my ex turned up and started an absolute argument over our restitution of conjugal rights.",EVT000262_001 precedes EVT000262_002,REL_ANN_001,REV564
REL000263,NAR000263_EN,EVT000263_001,EVT000263_002,BEFORE,probable,"Local emergency response teams arrived on site to manage structural debris and administer medical assistance where relevant, while investigating officers initiated standard vehicle documentation checks within the state jurisdiction..",EVT000263_001 precedes EVT000263_002,REL_ANN_001,REV834
REL000264,NAR000264_EN,EVT000264_001,EVT000264_002,FOLLOWS,certain,Digital logs preserved for forensic analysis..,EVT000264_001 precedes EVT000264_002,REL_ANN_001,REV871
REL000265,NAR000265_EN,EVT000265_001,EVT000265_002,BEFORE,probable,Relevant documentation has been requested for family court presentation..,EVT000265_001 precedes EVT000265_002,REL_ANN_001,REV919
REL000266,NAR000266_EN,EVT000266_001,EVT000266_002,BEFORE,probable,"The victim lost valuable items instantly, and the unidentified suspect fled immediately before any bystanders could intervene..",EVT000266_001 precedes EVT000266_002,REL_ANN_001,REV491
REL000267,NAR000267_EN,EVT000267_001,EVT000267_002,BEFORE,probable,just had a huge fight with HR at the Construction site regarding safe working conditions violation around 08:51 today.,EVT000267_001 precedes EVT000267_002,REL_ANN_001,REV108
REL000268,NAR000268_EN,EVT000268_001,EVT000268_002,BEFORE,probable,"On the date of 2026-07-18, a formal consumer conflict classified as false advertising and misrepresentation manifested during a commercial interaction at the designated online platform around 06:28.",EVT000268_001 precedes EVT000268_002,REL_ANN_001,REV434
REL000269,NAR000269_EN,EVT000269_001,EVT000269_002,BEFORE,certain,"Dear Cyber Crime Portal, I am writing to register an official cybercrime incident regarding phishing scam that targets my system.",EVT000269_001 precedes EVT000269_002,REL_ANN_001,REV243
REL000270,NAR000270_EN,EVT000270_001,EVT000270_002,BEFORE,probable,"On the date of 2026-07-17, a major civil friction classified under restitution of conjugal rights escalated during a familial meeting at the designated apartment at approximately 21:36 hours.",EVT000270_001 precedes EVT000270_002,REL_ANN_001,REV515
REL000271,NAR000271_EN,EVT000271_001,EVT000271_002,BEFORE,probable,"hey guys, my ex just blocked me from seeing the kids / resolving the restitution of conjugal rights at the House around 16:23 today.",EVT000271_001 precedes EVT000271_002,REL_ANN_001,REV592
REL000272,NAR000272_EN,EVT000272_001,EVT000272_002,BEFORE,probable,Relevant documentation has been requested for family court presentation..,EVT000272_001 precedes EVT000272_002,REL_ANN_001,REV196
REL000273,NAR000273_EN,EVT000273_001,EVT000273_002,BEFORE,probable,An incident involving sudden domestic dispute broke out at the house around 20:55.,EVT000273_001 precedes EVT000273_002,REL_ANN_001,REV956
REL000274,NAR000274_EN,EVT000274_001,EVT000274_002,BEFORE,probable,pls help someone is targeting me with domestic dispute right now at the Apartment!!,EVT000274_001 precedes EVT000274_002,REL_ANN_001,REV529
REL000275,NAR000275_EN,EVT000275_001,EVT000275_002,BEFORE,probable,"Dear Municipal Authorities, I am writing to formally log a civic grievance regarding the ongoing pattern of stray animal hazard at the Residential street.",EVT000275_001 precedes EVT000275_002,REL_ANN_001,REV417
REL000276,NAR000276_EN,EVT000276_001,EVT000276_002,BEFORE,certain,"A driver committed a blatant drunk driving accident, resulting in an immediate vehicle collision and a heated argument between the affected commuters before police arrived..",EVT000276_001 precedes EVT000276_002,REL_ANN_001,REV449
REL000277,NAR000277_EN,EVT000277_001,EVT000277_002,BEFORE,probable,"On the afternoon of 2026-07-19, a long-standing land friction culminated in an explicit case of illegal property possession at the designated house around 04:29 hours.",EVT000277_001 precedes EVT000277_002,REL_ANN_001,REV699
REL000278,NAR000278_EN,EVT000278_001,EVT000278_002,BEFORE,certain,The bystander reported observing a heated argument developing near the residential street around 08:18.,EVT000278_001 precedes EVT000278_002,REL_ANN_001,REV101
REL000279,NAR000279_EN,EVT000279_001,EVT000279_002,BEFORE,probable,Security personnel were subsequently informed to review the breach of safety within the jurisdiction..,EVT000279_001 precedes EVT000279_002,REL_ANN_001,REV944
REL000280,NAR000280_EN,EVT000280_001,EVT000280_002,CAUSES,probable,A vehicular incident involving illegal parking blockage occurred on the local road at 14:35.,EVT000280_001 causes EVT000280_002,REL_ANN_001,REV173
REL000281,NAR000281_EN,EVT000281_001,EVT000281_002,BEFORE,certain,Property loss reported.,EVT000281_001 precedes EVT000281_002,REL_ANN_001,REV343
REL000282,NAR000282_EN,EVT000282_001,EVT000282_002,BEFORE,probable,pls help someone is targeting me with physical altercation right now at the Hostel!!,EVT000282_001 precedes EVT000282_002,REL_ANN_001,REV645
REL000283,NAR000283_EN,EVT000283_001,EVT000283_002,BEFORE,certain,"Emergency services were notified subsequently, initiating a localized investigation into the security vulnerabilities of this particular jurisdiction..",EVT000283_001 precedes EVT000283_002,REL_ANN_001,REV577
REL000284,NAR000284_EN,EVT000284_001,EVT000284_002,BEFORE,certain,"Dear Revenue Officer / Police Commissioner, I am writing to register an urgent complaint regarding a critical instance of illegal property possession affecting my Shop.",EVT000284_001 precedes EVT000284_002,REL_ANN_001,REV268
REL000285,NAR000285_EN,EVT000285_001,EVT000285_002,BEFORE,probable,"So I went down to the mobile app around 02:11 to check my balance, and I realized I was a victim of a massive loan approval scam.",EVT000285_001 precedes EVT000285_002,REL_ANN_001,REV496
REL000286,NAR000286_EN,EVT000286_001,EVT000286_002,BEFORE,probable,"On the afternoon of 2026-07-11, a long-standing land friction culminated in an explicit case of land encroachment at the designated house around 17:05 hours.",EVT000286_001 precedes EVT000286_002,REL_ANN_001,REV454
REL000287,NAR000287_EN,EVT000287_001,EVT000287_002,BEFORE,probable,A family civil dispute categorized as restitution of conjugal rights manifested within a private residence at 18:15.,EVT000287_001 precedes EVT000287_002,REL_ANN_001,REV767
REL000288,NAR000288_EN,EVT000288_001,EVT000288_002,BEFORE,certain,"Dear Protection Officer, I am writing to formally report an escalating pattern of domestic violence, specifically emotional and verbal abuse, at my residence.",EVT000288_001 precedes EVT000288_002,REL_ANN_001,REV175
REL000289,NAR000289_EN,EVT000289_001,EVT000289_002,BEFORE,probable,An incident involving sudden verbal intimidation broke out at the shop around 10:03.,EVT000289_001 precedes EVT000289_002,REL_ANN_001,REV517
REL000290,NAR000290_EN,EVT000290_001,EVT000290_002,BEFORE,certain,"Dear Revenue Officer / Police Commissioner, I am writing to register an urgent complaint regarding a critical instance of land encroachment affecting my House.",EVT000290_001 precedes EVT000290_002,REL_ANN_001,REV943
REL000291,NAR000291_EN,EVT000291_001,EVT000291_002,BEFORE,probable,The observer witnessed an intense disagreement between the management and an employee inside the construction site around 11:22.,EVT000291_001 precedes EVT000291_002,REL_ANN_001,REV391
REL000292,NAR000292_EN,EVT000292_001,EVT000292_002,BEFORE,probable,"I was just minding my own business at the house around 18:35, when this aggressive person started shouting at me out of nowhere.",EVT000292_001 precedes EVT000292_002,REL_ANN_001,REV948
REL000293,NAR000293_EN,EVT000293_001,EVT000293_002,BEFORE,probable,It happened again at home around 21:24.,EVT000293_001 precedes EVT000293_002,REL_ANN_001,REV988
REL000294,NAR000294_EN,EVT000294_001,EVT000294_002,BEFORE,certain,The bystander reported observing a heated argument developing near the shop around 19:11.,EVT000294_001 precedes EVT000294_002,REL_ANN_001,REV904
REL000295,NAR000295_EN,EVT000295_001,EVT000295_002,BEFORE,probable,"The system administrator observed anomalous traffic originating from unauthorized servers around 07:29, confirming a systemwide cyberstalking.",EVT000295_001 precedes EVT000295_002,REL_ANN_001,REV489
REL000296,NAR000296_EN,EVT000296_001,EVT000296_002,BEFORE,certain,The neighbor reported hearing intense shouting and objects breaking from the adjacent apartment around 01:32.,EVT000296_001 precedes EVT000296_002,REL_ANN_001,REV445
REL000297,NAR000297_EN,EVT000297_001,EVT000297_002,BEFORE,probable,Case logged under regional motor vehicle acts..,EVT000297_001 precedes EVT000297_002,REL_ANN_001,REV763
REL000298,NAR000298_EN,EVT000298_001,EVT000298_002,BEFORE,probable,"On the date of 2026-07-01, an advanced threat actor initiated an exploit categorized under cyberstalking targeting remote infrastructures at approximately 02:11.",EVT000298_001 precedes EVT000298_002,REL_ANN_001,REV967
REL000299,NAR000299_EN,EVT000299_001,EVT000299_002,BEFORE,certain,"Emergency services were notified subsequently, initiating a localized investigation into the security vulnerabilities of this particular jurisdiction..",EVT000299_001 precedes EVT000299_002,REL_ANN_001,REV256
REL000300,NAR000300_EN,EVT000300_001,EVT000300_002,BEFORE,probable,"unauthorized charges are showing up on multiple profiles, notify your branch manager asap.",EVT000300_001 precedes EVT000300_002,REL_ANN_001,REV653
